Input,Location,Funds,Payoff Extracted
,"(0, 0)",482.974179412958,0
,"(0, 1)",429.145095456653,8.99999999999176
,"(0, 2)",476.2844742965164,14.0
,"(0, 3)",467.3339285674168,0
,"(0, 4)",577.5407836748717,26.999999998573358
,"(1, 0)",473.574554061442,28.99999999997724
,"(1, 1)",543.6401385718409,21.99999999999922
,"(1, 2)",410.2441796120437,7.0
,"(1, 3)",548.7718405023878,16.0
,"(1, 4)",494.2711149014847,18.0
,"(2, 0)",546.4185705829864,30.0
,"(2, 1)",513.3968549700704,9.999999999984233
,"(2, 2)",612.5194672331747,23.99999999999751
,"(2, 3)",480.3249129352206,9.0
,"(2, 4)",488.62218114655985,24.0
,"(3, 0)",489.62986969110887,21.0
,"(3, 1)",514.0343473951534,29.0
,"(3, 2)",489.3532678041149,11.0
,"(3, 3)",515.094651055504,2.999999999999985
,"(3, 4)",469.35816177310846,24.0
,"(4, 0)",521.8875547207075,26.0
,"(4, 1)",486.8323980197844,23.99999999999971
,"(4, 2)",510.4072773516968,26.99999999999997
,"(4, 3)",434.69735984114766,15.0
,"(4, 4)",523.6428364220473,17.99999999999998
,"(0, 0)",453.0419170057394,2.0
,"(0, 1)",549.3813108164161,28.0
,"(0, 2)",484.59374071371843,8.0
,"(0, 3)",525.3839166768515,0
,"(0, 4)",559.3999749289661,21.0
,"(1, 0)",529.8846666833132,11.999999999999998
,"(1, 1)",483.0746303726537,0
,"(1, 2)",595.0892186257634,15.0
,"(1, 3)",503.4825052620774,16.999999999999993
,"(1, 4)",554.5690430502966,3.999999999999977
,"(2, 0)",494.1653558668676,15.999999999995342
,"(2, 1)",487.71673547333,15.0
,"(2, 2)",541.0835211033711,8.0
,"(2, 3)",532.2642680610599,2.0
,"(2, 4)",460.6075342853287,3.0
,"(3, 0)",491.99213872813124,22.999999999999996
,"(3, 1)",455.8087798124247,1.9999999999999987
,"(3, 2)",454.90637934264925,9.999999999999977
,"(3, 3)",485.4479019057777,23.999999999999996
,"(3, 4)",456.40651255525233,0
,"(4, 0)",532.6039304164786,27.0
,"(4, 1)",469.24236115212153,26.0
,"(4, 2)",462.6544527684497,5.0
,"(4, 3)",476.3898725254323,11.999999999999998
,"(4, 4)",460.80933186752816,12.999999999997899
,"(0, 0)",492.885490692404,22.0
,"(0, 1)",502.31562767800233,20.999999999999993
,"(0, 2)",529.4631585274448,15.999999999999995
,"(0, 3)",549.0495352259171,8.0
,"(0, 4)",499.4575164004615,13.0
,"(1, 0)",495.0422239974626,7.9999999999991855
,"(1, 1)",481.2400586148747,18.0
,"(1, 2)",509.8983093800264,7.0
,"(1, 3)",582.7538605446126,22.0
,"(1, 4)",529.8041410904669,11.999999999999712
,"(2, 0)",454.99616168157416,8.0
,"(2, 1)",551.3800537998494,26.999999999999993
,"(2, 2)",498.7718138000003,14.0
,"(2, 3)",485.19398563444855,23.0
,"(2, 4)",521.8469497231767,8.999999999999998
,"(3, 0)",497.8687899215764,23.0
,"(3, 1)",468.4552780859164,24.99999999999998
,"(3, 2)",468.06734644136833,15.0
,"(3, 3)",454.4780200983711,7.999999999999996
,"(3, 4)",410.76114557179017,26.999999999999993
,"(4, 0)",582.9239635521807,15.0
,"(4, 1)",489.2802902498262,20.0
,"(4, 2)",435.8441788149288,11.0
,"(4, 3)",539.4340809851877,1.0
,"(4, 4)",468.7880194881325,12.0
,"(0, 0)",510.5865686484278,17.0
,"(0, 1)",596.3389620707931,15.0
,"(0, 2)",491.66777392589546,0.9999999999989744
,"(0, 3)",533.8467806845406,27.999999999979334
,"(0, 4)",506.01154302612287,20.0
,"(1, 0)",524.9368805646734,4.999999999998313
,"(1, 1)",486.13943672933067,5.0
,"(1, 2)",397.4980035980585,4.999999999980744
,"(1, 3)",543.3657553070187,12.999999999996977
,"(1, 4)",517.0857786417039,3.0
,"(2, 0)",533.9115567797652,0
,"(2, 1)",485.8257685861806,16.0
,"(2, 2)",544.155721014236,2.0
,"(2, 3)",502.1344548354846,0.9999999999999835
,"(2, 4)",557.006370497992,26.0
,"(3, 0)",420.0275634472398,27.0
,"(3, 1)",526.891314204921,28.999999999999996
,"(3, 2)",468.97541655093596,23.99999999999992
,"(3, 3)",445.3439562231139,3.999999999965144
,"(3, 4)",467.38713344257036,29.999999999999993
,"(4, 0)",427.57774510167496,26.999999999861316
,"(4, 1)",514.4693515775857,5.0
,"(4, 2)",517.90479316996,14.0
,"(4, 3)",477.0526350632932,28.999999999995282
,"(4, 4)",503.85873630848243,18.0
,"(0, 0)",476.0622114114346,28.99999999999998
,"(0, 1)",529.88403364266,7.999999999999997
,"(0, 2)",487.96630259656473,19.99999999995135
,"(0, 3)",587.0636220489367,9.0
,"(0, 4)",472.51117547272617,11.0
,"(1, 0)",558.4316332782606,0.9999999999999841
,"(1, 1)",480.0320924719752,12.999999999999915
,"(1, 2)",471.2448804581532,27.0
,"(1, 3)",451.9467837517834,19.99999999999974
,"(1, 4)",451.4283387819988,7.0
,"(2, 0)",446.6658165792153,25.0
,"(2, 1)",607.9372828342429,9.999999999999998
,"(2, 2)",535.1203727505934,7.0
,"(2, 3)",446.38853815292214,14.999999999997659
,"(2, 4)",541.1978442550462,27.0
,"(3, 0)",507.466009789281,28.0
,"(3, 1)",537.398298989049,24.999999999999464
,"(3, 2)",507.7912198145495,0
,"(3, 3)",456.5927770744819,27.0
,"(3, 4)",419.55916529094964,18.0
,"(4, 0)",491.87480860419697,14.0
,"(4, 1)",511.9555298080137,23.0
,"(4, 2)",514.8016759335314,0
,"(4, 3)",473.56553704465176,15.0
,"(4, 4)",535.1140491647817,19.0
,"(0, 0)",458.7862059945385,18.99999999999762
,"(0, 1)",460.96205681840064,3.9999999999999742
,"(0, 2)",518.6361625415866,28.0
,"(0, 3)",497.6493408447155,16.0
,"(0, 4)",502.13553095709693,9.999999999999982
,"(1, 0)",550.2600031486644,20.0
,"(1, 1)",436.18418049802625,26.99999999973907
,"(1, 2)",471.20759828036114,29.0
,"(1, 3)",527.8318904232457,9.0
,"(1, 4)",538.9913992623352,18.99999999999879
,"(2, 0)",485.9295919115602,17.0
,"(2, 1)",478.3770461156982,22.9999999998627
,"(2, 2)",507.4332148458683,9.0
,"(2, 3)",503.5722345465178,17.0
,"(2, 4)",525.7870185589994,21.99999999999986
,"(3, 0)",569.3335886179492,18.0
,"(3, 1)",507.29917762399185,2.0
,"(3, 2)",494.200250007157,4.0
,"(3, 3)",539.5901812407728,28.0
,"(3, 4)",464.3279294168502,0
,"(4, 0)",525.1067796248923,8.999999999999746
,"(4, 1)",478.33142278256463,6.999999999999974
,"(4, 2)",479.8506423056724,14.0
,"(4, 3)",519.3173628651789,20.0
,"(4, 4)",458.89919076735606,10.0
,"(0, 0)",554.211802206186,29.0
,"(0, 1)",531.9593268660933,13.0
,"(0, 2)",509.0582899748538,26.0
,"(0, 3)",527.3128217905669,8.0
,"(0, 4)",539.8715106930758,17.0
,"(1, 0)",494.7436068683213,3.0
,"(1, 1)",430.9452303929769,0
,"(1, 2)",486.076025000907,11.0
,"(1, 3)",521.885381640988,28.99999999973618
,"(1, 4)",505.67827740291756,30.0
,"(2, 0)",478.9429410109781,29.0
,"(2, 1)",538.5943856872532,21.0
,"(2, 2)",557.6626757200218,29.0
,"(2, 3)",428.825882365706,7.999999999999999
,"(2, 4)",482.4576262381118,6.999999999999998
,"(3, 0)",434.1016359617706,23.0
,"(3, 1)",450.0649546192271,15.99999999999874
,"(3, 2)",535.667264711645,22.99999999999985
,"(3, 3)",467.44572073048164,23.0
,"(3, 4)",464.3801189745055,16.0
,"(4, 0)",518.6494611319915,20.0
,"(4, 1)",513.506446208768,26.0
,"(4, 2)",541.1079717666543,23.999999999999996
,"(4, 3)",453.95149297880477,17.99999999996907
,"(4, 4)",532.8991490571946,1.999999999999107
,"(0, 0)",479.6255689138465,13.999999999999993
,"(0, 1)",483.55751862877224,11.0
,"(0, 2)",463.8913696200179,22.99999999999996
,"(0, 3)",491.58125275177423,3.0
,"(0, 4)",584.2753907860227,28.0
,"(1, 0)",460.2911601019614,14.0
,"(1, 1)",523.680149619044,10.0
,"(1, 2)",524.6257500998162,29.0
,"(1, 3)",509.56703960628766,16.999999999999996
,"(1, 4)",467.0274549400115,3.999999999999992
,"(2, 0)",606.2443506753026,2.0
,"(2, 1)",451.11822790869314,27.99999999994361
,"(2, 2)",491.30372744125947,29.999999998620606
,"(2, 3)",415.0689571708149,25.99999999999998
,"(2, 4)",524.9018736164046,15.0
,"(3, 0)",493.3958044676124,20.999999999999996
,"(3, 1)",489.386279434885,11.0
,"(3, 2)",472.35800197312244,23.99999999993514
,"(3, 3)",547.1799002067644,1.0
,"(3, 4)",484.41463203321894,27.0
,"(4, 0)",538.7730867861475,16.999999999999925
,"(4, 1)",485.24026872247805,18.99999999999853
,"(4, 2)",491.45897762341394,5.999999999999988
,"(4, 3)",548.6381894350322,7.0
,"(4, 4)",472.39506743729646,0
,"(0, 0)",468.04039056399296,25.0
,"(0, 1)",563.2743503545856,15.0
,"(0, 2)",472.52195860827976,6.0
,"(0, 3)",479.2960327246555,30.0
,"(0, 4)",571.8254317412865,26.999999999998305
,"(1, 0)",491.64393960558846,7.0
,"(1, 1)",572.6437374373613,7.0
,"(1, 2)",577.2269009134835,23.999999999999936
,"(1, 3)",469.200065842832,11.0
,"(1, 4)",530.6830499947829,15.999999999999085
,"(2, 0)",384.2987294985039,6.999999999999999
,"(2, 1)",529.1687692025604,20.0
,"(2, 2)",584.7926534798894,25.0
,"(2, 3)",494.9375401828102,7.999999999999956
,"(2, 4)",567.8749398864246,25.0
,"(3, 0)",373.0648138094208,10.0
,"(3, 1)",492.8912300078394,3.0
,"(3, 2)",441.29179856647613,29.0
,"(3, 3)",567.2536439142687,12.99999999996219
,"(3, 4)",475.56877420056003,2.999999995515672
,"(4, 0)",429.5427442980673,0.9999999999972062
,"(4, 1)",497.1665184406957,22.0
,"(4, 2)",463.2688519949219,18.0
,"(4, 3)",502.07201719059793,15.0
,"(4, 4)",500.45111754011504,20.0
,"(0, 0)",430.0162036046372,3.0
,"(0, 1)",521.2515415594204,28.0
,"(0, 2)",537.3324283334132,21.9999999999996
,"(0, 3)",524.4964600746953,20.0
,"(0, 4)",531.5762492166986,1.0
,"(1, 0)",458.1680056594148,3.9999999999999987
,"(1, 1)",455.5864532602145,11.999999999999885
,"(1, 2)",513.3834294707815,9.0
,"(1, 3)",474.55259565117285,24.0
,"(1, 4)",436.05515104094445,8.0
,"(2, 0)",559.4460682295705,27.0
,"(2, 1)",525.2562689146913,11.999999999999998
,"(2, 2)",521.3415112743171,13.0
,"(2, 3)",524.7582960149517,5.999999999999713
,"(2, 4)",586.8671063613534,10.999999999999988
,"(3, 0)",436.8302169077767,29.99999999997649
,"(3, 1)",545.5822705646477,5.0
,"(3, 2)",389.5673986001279,15.99999999983652
,"(3, 3)",522.5536428467618,29.0
,"(3, 4)",560.2893616680898,26.99999999985689
,"(4, 0)",508.18336640072636,14.0
,"(4, 1)",484.73737892472406,9.0
,"(4, 2)",485.18933379114594,0
,"(4, 3)",447.6097628274591,8.999999999931159
,"(4, 4)",519.3694988022636,0
,"(0, 0)",469.5717929014872,13.999999999057072
,"(0, 1)",499.25704829971096,26.999999999999996
,"(0, 2)",498.50576127297876,11.0
,"(0, 3)",516.5510832276301,17.999999999999968
,"(0, 4)",463.9513974671591,29.999999999989797
,"(1, 0)",450.1617015147558,19.0
,"(1, 1)",508.90657368218035,0
,"(1, 2)",432.21419790192215,0.9999999999999999
,"(1, 3)",473.2296213205592,12.99999999997397
,"(1, 4)",508.08889535921156,20.99999999999997
,"(2, 0)",502.9914380523564,2.9999999999998197
,"(2, 1)",527.3163140661635,22.0
,"(2, 2)",522.8278279622951,24.0
,"(2, 3)",488.06395906526603,11.0
,"(2, 4)",509.1855843885921,17.0
,"(3, 0)",490.6720173977523,16.0
,"(3, 1)",522.5681381067184,15.0
,"(3, 2)",594.6571752328716,26.99999999999989
,"(3, 3)",555.8478181839465,18.0
,"(3, 4)",525.3956989489442,29.0
,"(4, 0)",487.05896851058463,21.0
,"(4, 1)",538.58746946309,22.0
,"(4, 2)",550.2958714672782,10.0
,"(4, 3)",482.557175046548,25.999999999999993
,"(4, 4)",381.5364711599969,3.9999999999792433
,"(0, 0)",454.20455107883424,23.0
,"(0, 1)",485.69860197413215,8.0
,"(0, 2)",476.7460208812726,4.0
,"(0, 3)",477.57325226392044,16.99999999999999
,"(0, 4)",502.312571302423,2.0
,"(1, 0)",465.9608852925033,1.9999999999999782
,"(1, 1)",529.5254576442866,17.999999999903515
,"(1, 2)",513.3965635901832,25.0
,"(1, 3)",459.1396186596774,5.9999999999999964
,"(1, 4)",542.0112399248627,2.0
,"(2, 0)",569.9014904894125,6.0
,"(2, 1)",517.6769187710084,8.0
,"(2, 2)",498.4098421376299,24.0
,"(2, 3)",475.4823866223452,13.999999999999977
,"(2, 4)",556.5752208904136,2.0
,"(3, 0)",510.68923980397426,13.0
,"(3, 1)",536.3758683266612,4.0
,"(3, 2)",427.14102837025706,16.999999999988972
,"(3, 3)",460.2656482634173,8.0
,"(3, 4)",491.2957029616036,15.999999999999979
,"(4, 0)",489.9537581586127,13.0
,"(4, 1)",524.1281025484966,0
,"(4, 2)",520.3908261332584,20.999999999999996
,"(4, 3)",513.7754549442894,16.999999999999996
,"(4, 4)",501.3697489665248,13.0
,"(0, 0)",409.22504867556563,14.0
,"(0, 1)",449.16511394898004,28.999999999999993
,"(0, 2)",575.9625735668116,0
,"(0, 3)",513.3697475296196,3.0
,"(0, 4)",526.0438528859557,6.0
,"(1, 0)",532.7909138496228,14.0
,"(1, 1)",494.13626460435694,28.0
,"(1, 2)",532.8392746611316,17.0
,"(1, 3)",453.2369125895784,22.0
,"(1, 4)",446.82641168152486,3.0
,"(2, 0)",464.5131187780568,10.0
,"(2, 1)",473.8204542266613,28.0
,"(2, 2)",518.3355909368552,14.0
,"(2, 3)",546.9959277148414,7.999999999999999
,"(2, 4)",522.3107731143708,10.999999999999936
,"(3, 0)",481.6309939503147,28.99999999999964
,"(3, 1)",508.90013014538846,10.0
,"(3, 2)",505.708602880291,0.9999999999999999
,"(3, 3)",478.23935233089765,21.0
,"(3, 4)",524.367858377821,21.999999999999993
,"(4, 0)",522.7756678025489,11.0
,"(4, 1)",484.9966144669792,23.0
,"(4, 2)",545.2047252630566,26.0
,"(4, 3)",507.9052210789946,28.0
,"(4, 4)",480.6988549397755,15.999999999999996
,"(0, 0)",564.8318183593483,2.999999999999868
,"(0, 1)",462.0535591012405,24.0
,"(0, 2)",479.3998670451331,25.999999999850512
,"(0, 3)",486.4213319363849,13.0
,"(0, 4)",510.67506766101053,26.999999999831466
,"(1, 0)",494.0542179522406,22.999999999997723
,"(1, 1)",521.090058518867,16.99999999999998
,"(1, 2)",451.62079185937057,24.0
,"(1, 3)",521.5453806569371,30.0
,"(1, 4)",531.5797416586266,30.0
,"(2, 0)",428.9779598924817,6.0
,"(2, 1)",509.37916870259966,27.0
,"(2, 2)",480.18336705686573,11.0
,"(2, 3)",444.6435415103043,17.999999999999854
,"(2, 4)",525.0249860924307,4.999999999999837
,"(3, 0)",513.2369472500181,12.0
,"(3, 1)",530.9789198449404,26.999999999999968
,"(3, 2)",524.2569413113497,1.0
,"(3, 3)",509.6908723753039,13.0
,"(3, 4)",472.00490745945297,1.999999999619054
,"(4, 0)",538.1589387179237,29.0
,"(4, 1)",476.6912012743032,0
,"(4, 2)",468.9444511471133,6.999999999999998
,"(4, 3)",516.7435054945596,18.999999999999613
,"(4, 4)",537.8124571211936,0
,"(0, 0)",547.7447633029691,4.999999999999964
,"(0, 1)",529.7528091386707,28.999999999985207
,"(0, 2)",487.78468860747654,19.0
,"(0, 3)",443.4728314207942,27.999999999811557
,"(0, 4)",508.77097553543837,0
,"(1, 0)",545.1744298556592,24.0
,"(1, 1)",526.2638834943056,20.0
,"(1, 2)",589.0421340370875,25.0
,"(1, 3)",373.0527118419049,5.0
,"(1, 4)",479.1023416983857,26.999999999999936
,"(2, 0)",574.786788784837,10.0
,"(2, 1)",542.184224016029,17.0
,"(2, 2)",513.9110807681809,11.999999999993802
,"(2, 3)",490.0532528061541,22.999999999999996
,"(2, 4)",426.7092802109155,30.0
,"(3, 0)",490.7757181738159,25.999999999934982
,"(3, 1)",489.5596894642911,12.0
,"(3, 2)",532.2942825198969,5.999999999999974
,"(3, 3)",435.8346968591717,8.0
,"(3, 4)",485.11270414765596,27.0
,"(4, 0)",520.645228540809,20.999999999999986
,"(4, 1)",409.58408936186305,25.0
,"(4, 2)",490.9884767251925,12.0
,"(4, 3)",560.1631267088543,10.0
,"(4, 4)",507.2357919796407,4.999999999999993
,"(0, 0)",453.7315149052182,0
,"(0, 1)",538.6860647295211,16.0
,"(0, 2)",584.7669991564381,21.0
,"(0, 3)",547.7001458705894,14.0
,"(0, 4)",486.0456458221278,13.999999999999998
,"(1, 0)",579.7709074929962,4.0
,"(1, 1)",516.9864482187432,0
,"(1, 2)",547.5630847358881,0.9999999999999322
,"(1, 3)",501.806557107896,5.0
,"(1, 4)",563.0302658432687,12.999999999999996
,"(2, 0)",503.3030141015254,28.0
,"(2, 1)",484.26091069428406,2.999999999990279
,"(2, 2)",484.1671893397305,12.0
,"(2, 3)",474.6417379442958,25.0
,"(2, 4)",462.82877599871483,13.0
,"(3, 0)",470.7394755675169,26.0
,"(3, 1)",414.4938846337874,14.999999999999975
,"(3, 2)",528.9761080910685,9.0
,"(3, 3)",551.3309563606376,5.0
,"(3, 4)",435.4246058162651,18.0
,"(4, 0)",462.6739156113948,21.0
,"(4, 1)",451.7782293788752,9.999999999227049
,"(4, 2)",468.8825977441257,16.999999999979703
,"(4, 3)",524.1324559511106,23.0
,"(4, 4)",462.2785088839809,5.999999998670756
,"(0, 0)",562.7450688953343,29.999999999999996
,"(0, 1)",530.9368779752368,18.0
,"(0, 2)",471.369779039517,12.999999999999954
,"(0, 3)",503.76205891156,7.0
,"(0, 4)",421.80893914593423,13.99999999999999
,"(1, 0)",591.697753712243,12.0
,"(1, 1)",469.64761416652357,26.99999999999998
,"(1, 2)",425.61444209812834,11.999999999999492
,"(1, 3)",493.6600081889861,15.0
,"(1, 4)",454.901480859015,15.999999999991424
,"(2, 0)",452.66073351301213,19.0
,"(2, 1)",505.7297492074423,13.0
,"(2, 2)",489.67942028330117,26.99999999999999
,"(2, 3)",474.11201892256344,14.99999999999674
,"(2, 4)",489.6491671366657,1.0
,"(3, 0)",525.714229273852,4.999999999999993
,"(3, 1)",484.6639996169746,5.0
,"(3, 2)",571.6671225685443,2.0
,"(3, 3)",515.526062419399,28.0
,"(3, 4)",470.0972971842566,13.0
,"(4, 0)",529.9361906853056,15.0
,"(4, 1)",470.36417455788546,5.0
,"(4, 2)",529.3164763059423,5.0
,"(4, 3)",627.0140036488566,7.999999999999521
,"(4, 4)",437.72533168352095,28.999999999999837
,"(0, 0)",512.7495027621433,12.0
,"(0, 1)",478.5317231292188,13.999999999999988
,"(0, 2)",611.2603970857803,20.99999999999976
,"(0, 3)",502.40072335345485,25.0
,"(0, 4)",526.6028139365264,0
,"(1, 0)",466.5321582278112,25.0
,"(1, 1)",471.65371010267944,14.0
,"(1, 2)",455.5887299737362,20.999999999999996
,"(1, 3)",498.5767167574506,29.0
,"(1, 4)",478.14715494848684,5.999999999999999
,"(2, 0)",511.006933895813,23.0
,"(2, 1)",574.3072865509458,12.999999999999329
,"(2, 2)",503.57190497340804,19.0
,"(2, 3)",438.38766039115643,15.0
,"(2, 4)",506.67828480065947,17.0
,"(3, 0)",501.737187505621,5.999999999870283
,"(3, 1)",483.8152829810159,7.9999999999999725
,"(3, 2)",521.3418002899145,28.99999999999999
,"(3, 3)",483.47565394452914,7.0
,"(3, 4)",571.3101847544335,0
,"(4, 0)",416.6515414724328,11.0
,"(4, 1)",560.0729484834533,3.9999999999999996
,"(4, 2)",460.5924082322179,3.0
,"(4, 3)",529.565513002892,29.0
,"(4, 4)",435.44177844421864,7.999999999999997
,"(0, 0)",506.4706536904685,19.0
,"(0, 1)",491.6738838311797,4.999999999874427
,"(0, 2)",500.89333783261617,1.9999999999999074
,"(0, 3)",483.841011499553,0
,"(0, 4)",530.533036911783,11.0
,"(1, 0)",432.0591889744591,15.0
,"(1, 1)",572.6938802376469,15.999999998666713
,"(1, 2)",473.4670367890937,15.0
,"(1, 3)",543.7737782742537,13.999999999999996
,"(1, 4)",478.3526656273475,29.999999999999996
,"(2, 0)",481.5150586335661,0.9999999999999999
,"(2, 1)",477.0682564727411,25.0
,"(2, 2)",442.80757718230694,0
,"(2, 3)",502.86054696162313,7.0
,"(2, 4)",506.1351607559109,0
,"(3, 0)",507.668659375742,27.0
,"(3, 1)",441.3487417464653,1.0
,"(3, 2)",545.8575914571974,28.0
,"(3, 3)",575.4406108533324,18.0
,"(3, 4)",508.8617736672149,7.999999999999634
,"(4, 0)",458.2212299325253,4.0
,"(4, 1)",444.8251260050222,14.999999999999998
,"(4, 2)",560.72964901709,23.999999999997225
,"(4, 3)",548.7412892507677,25.999999999999716
,"(4, 4)",484.1602550200937,17.0
,"(0, 0)",481.86625881360203,21.99999999999989
,"(0, 1)",461.4136067546677,25.0
,"(0, 2)",529.3588654385239,24.999999999979767
,"(0, 3)",561.7649105225805,25.0
,"(0, 4)",522.3894733628003,29.0
,"(1, 0)",443.29848455587404,1.0
,"(1, 1)",523.7041851899746,0.9999999999923375
,"(1, 2)",524.9426688403566,12.999999999999998
,"(1, 3)",488.62979431113484,27.99999999727615
,"(1, 4)",461.2964890691552,2.999999999982033
,"(2, 0)",522.4894242023977,11.0
,"(2, 1)",432.27479789091655,0
,"(2, 2)",562.5334642068173,26.0
,"(2, 3)",468.90896341703126,2.0
,"(2, 4)",537.4863287361336,9.0
,"(3, 0)",527.0370614085144,7.0
,"(3, 1)",532.5304296265441,0
,"(3, 2)",432.34509512119524,27.0
,"(3, 3)",558.1547245042137,18.0
,"(3, 4)",461.0206892171929,20.999999999792223
,"(4, 0)",483.73664116392405,6.999999999999975
,"(4, 1)",431.0367219531324,26.99999999999997
,"(4, 2)",548.8476130549365,6.0
,"(4, 3)",510.8134317129127,7.999999999999955
,"(4, 4)",492.119876925468,27.0
,"(0, 0)",459.492475263653,1.0
,"(0, 1)",536.8327640468582,7.0
,"(0, 2)",523.5902310770063,25.0
,"(0, 3)",515.2102297062356,1.9999999999997418
,"(0, 4)",475.9104502286999,25.999999999999986
,"(1, 0)",548.1394156671305,12.999999999999998
,"(1, 1)",548.9311003104144,21.0
,"(1, 2)",462.0862065166228,26.99999999999273
,"(1, 3)",442.4024495794788,8.0
,"(1, 4)",471.30610057481664,20.0
,"(2, 0)",545.0273009342849,20.999999999999
,"(2, 1)",501.00779395005617,7.9999999999999805
,"(2, 2)",515.553350405597,4.999999999999892
,"(2, 3)",393.2941804174021,24.0
,"(2, 4)",470.35971603083135,22.0
,"(3, 0)",485.7597029943244,3.0
,"(3, 1)",549.8480831916332,12.0
,"(3, 2)",608.2356138895697,18.0
,"(3, 3)",511.4569724220299,5.0
,"(3, 4)",486.0291698942287,10.0
,"(4, 0)",388.45999643595854,26.99999999999997
,"(4, 1)",548.5245462060541,10.999999999998897
,"(4, 2)",532.7376358262687,24.999999999997307
,"(4, 3)",452.91124998231857,17.0
,"(4, 4)",526.8932644485275,0
,"(0, 0)",569.5256663050704,10.0
,"(0, 1)",548.5886529223221,9.999999999999993
,"(0, 2)",480.6005353985783,6.0
,"(0, 3)",487.62537826312,6.0
,"(0, 4)",545.1545030420949,0.9999999999999997
,"(1, 0)",514.8174880896171,15.0
,"(1, 1)",552.9037020146866,4.0
,"(1, 2)",424.4282865446204,25.0
,"(1, 3)",551.3814442288898,5.0
,"(1, 4)",456.7800174738365,6.9999999999999964
,"(2, 0)",491.8761691997498,15.999999999547429
,"(2, 1)",519.6460796979175,22.99999999999992
,"(2, 2)",562.643438569175,21.0
,"(2, 3)",470.95956842458867,20.0
,"(2, 4)",492.25030989528324,21.0
,"(3, 0)",539.3031744616115,0
,"(3, 1)",381.811374139123,10.0
,"(3, 2)",478.0661165831492,12.999999999992852
,"(3, 3)",453.66125840473666,20.0
,"(3, 4)",502.65414735822003,12.0
,"(4, 0)",494.8992113035587,29.999999999999996
,"(4, 1)",497.9994784805627,24.999999999999787
,"(4, 2)",495.4086704282387,19.0
,"(4, 3)",500.5945922141876,20.0
,"(4, 4)",486.4207365570616,30.0
,"(0, 0)",466.05460655209134,24.0
,"(0, 1)",558.606247116774,20.0
,"(0, 2)",505.6853591353123,23.999999999999982
,"(0, 3)",505.96197626997156,4.0
,"(0, 4)",504.6803877910332,27.0
,"(1, 0)",569.6333362240272,27.0
,"(1, 1)",521.057858048755,0
,"(1, 2)",467.9376221169788,21.0
,"(1, 3)",479.60137220119077,3.999999999999999
,"(1, 4)",488.2974193049418,23.0
,"(2, 0)",527.895203542701,7.999999999999998
,"(2, 1)",527.0528974624334,5.0
,"(2, 2)",492.92812776869266,11.0
,"(2, 3)",489.403790769577,0
,"(2, 4)",474.8540716313552,23.99999999998195
,"(3, 0)",469.99908521084774,3.0
,"(3, 1)",455.89168540364557,12.999999999999993
,"(3, 2)",448.649316158832,0
,"(3, 3)",554.3086540556656,1.0
,"(3, 4)",509.21760714872386,29.0
,"(4, 0)",469.5315937116618,3.0
,"(4, 1)",495.2938583433545,25.0
,"(4, 2)",568.8900398536873,5.0
,"(4, 3)",448.40710420364366,13.999999999999451
,"(4, 4)",500.1607799741028,3.9999999979353227
,"(0, 0)",429.23732967260264,8.999999999842183
,"(0, 1)",500.58953029764575,12.999999999999995
,"(0, 2)",450.7378685318144,29.99999999999997
,"(0, 3)",447.179169283945,21.99999999994998
,"(0, 4)",479.38577057894776,21.99999999998985
,"(1, 0)",499.83155461043515,29.99999999999999
,"(1, 1)",515.1896422854633,0.9999999999999991
,"(1, 2)",532.5156839124455,17.0
,"(1, 3)",530.5823548790748,3.0
,"(1, 4)",543.6919579681071,15.0
,"(2, 0)",505.8222519237209,6.999999999999999
,"(2, 1)",581.8020842462684,6.0
,"(2, 2)",496.98822187265415,23.0
,"(2, 3)",475.53580304795446,19.999999999994543
,"(2, 4)",482.90406858354066,20.999999999999968
,"(3, 0)",457.4221691566303,6.0
,"(3, 1)",518.9633171779399,12.999999999998723
,"(3, 2)",473.02415250080537,22.0
,"(3, 3)",496.08874236586087,10.0
,"(3, 4)",463.4706355525228,27.999999999999797
,"(4, 0)",549.4353130923494,1.0
,"(4, 1)",546.2755788562941,13.0
,"(4, 2)",532.8218682509099,11.0
,"(4, 3)",453.50137763541954,12.0
,"(4, 4)",537.0035537166472,11.0
,"(0, 0)",570.7590858131315,4.0
,"(0, 1)",513.1314494566243,13.999999999967004
,"(0, 2)",532.876429156031,1.0
,"(0, 3)",493.7120775797411,28.0
,"(0, 4)",573.9482099960096,5.0
,"(1, 0)",481.1451688702226,8.999999999999972
,"(1, 1)",571.8324443138695,13.0
,"(1, 2)",498.0869301013441,26.0
,"(1, 3)",526.3755642748597,6.0
,"(1, 4)",474.8693290662062,15.0
,"(2, 0)",492.3874963899363,4.0
,"(2, 1)",496.6658330126275,27.999999999986493
,"(2, 2)",483.53890563541967,7.0
,"(2, 3)",525.6441710445285,0.9999999999999999
,"(2, 4)",517.410761883906,26.0
,"(3, 0)",488.8502813760333,18.0
,"(3, 1)",483.87695840068983,18.99999999999747
,"(3, 2)",519.3387007669816,16.999999999999996
,"(3, 3)",497.26036758085826,1.0
,"(3, 4)",432.8031387939407,0
,"(4, 0)",484.2285571951131,12.0
,"(4, 1)",508.5956202307895,8.0
,"(4, 2)",385.14366335370335,4.0
,"(4, 3)",479.3714519014801,3.0
,"(4, 4)",468.147403805952,18.999999999951562
,"(0, 0)",591.5239754303773,17.999999999998504
,"(0, 1)",543.880404115673,27.0
,"(0, 2)",538.8157898282719,11.0
,"(0, 3)",528.717092288335,23.999999999956714
,"(0, 4)",493.76870125508526,2.999999999999982
,"(1, 0)",539.9308214689844,29.0
,"(1, 1)",437.2050920130701,9.999999999999863
,"(1, 2)",435.6849205155545,22.999999999994827
,"(1, 3)",470.9628121298353,22.0
,"(1, 4)",492.24855679363657,25.999999999999996
,"(2, 0)",520.8612972923831,9.0
,"(2, 1)",525.9649924080647,16.0
,"(2, 2)",559.5304178255254,0
,"(2, 3)",475.83667144415244,0
,"(2, 4)",495.0653312660446,25.0
,"(3, 0)",462.74267038044826,9.0
,"(3, 1)",555.9047256847241,20.999999999999975
,"(3, 2)",487.9079541856927,10.0
,"(3, 3)",466.2190480651243,7.0
,"(3, 4)",496.48700510478886,22.0
,"(4, 0)",467.10734137068226,27.0
,"(4, 1)",469.72627188625427,8.0
,"(4, 2)",515.3353037246922,0
,"(4, 3)",447.3918435004903,20.0
,"(4, 4)",481.18096002210865,20.999999999999964
,"(0, 0)",485.52136780297315,16.999999999999996
,"(0, 1)",564.6762856426041,1.9999999999995464
,"(0, 2)",519.8918978155917,27.0
,"(0, 3)",497.5114412652002,29.0
,"(0, 4)",505.35576568433953,17.999999999999932
,"(1, 0)",531.849047639583,15.0
,"(1, 1)",611.2813531535712,1.9999999999998028
,"(1, 2)",466.32615057732596,11.999999999999995
,"(1, 3)",480.9455041547683,0
,"(1, 4)",403.7101296892837,4.999999997068337
,"(2, 0)",471.5899400336521,6.0
,"(2, 1)",550.7618423316547,23.0
,"(2, 2)",513.7731947559151,14.0
,"(2, 3)",534.8483235735857,16.999999999999837
,"(2, 4)",547.594136754647,11.999999999999892
,"(3, 0)",432.923459945842,0
,"(3, 1)",502.84981919491713,24.0
,"(3, 2)",481.310106271872,18.0
,"(3, 3)",479.50997344319364,17.0
,"(3, 4)",486.69508814469543,0
,"(4, 0)",474.56662362896674,10.999999999999664
,"(4, 1)",521.6738813986304,15.0
,"(4, 2)",481.42558086206657,1.0
,"(4, 3)",474.43090314498187,14.0
,"(4, 4)",478.9781830901386,29.999999999999915
,"(0, 0)",497.6272073806521,13.0
,"(0, 1)",530.0658244677178,18.0
,"(0, 2)",491.31801099694485,22.0
,"(0, 3)",500.4010979492998,17.999999999905175
,"(0, 4)",448.2070908684605,6.0
,"(1, 0)",502.1954493783206,5.999999999999995
,"(1, 1)",497.11827763057295,26.0
,"(1, 2)",457.0023076196773,17.0
,"(1, 3)",498.604364663906,6.999999999999677
,"(1, 4)",516.351139647372,16.999999999999993
,"(2, 0)",458.51889101290186,11.0
,"(2, 1)",454.7525543650959,5.0
,"(2, 2)",499.7706816950115,10.0
,"(2, 3)",523.8524544317563,2.0
,"(2, 4)",386.81487849737266,29.999999999999996
,"(3, 0)",535.190796586033,17.0
,"(3, 1)",536.2804538468226,27.0
,"(3, 2)",496.64459213025856,18.999999999355456
,"(3, 3)",533.2834171147284,26.0
,"(3, 4)",483.5778697363218,27.999999999999996
,"(4, 0)",542.328395372473,14.999999999999998
,"(4, 1)",544.524319881513,18.0
,"(4, 2)",522.6190585469228,16.0
,"(4, 3)",476.7745538451416,19.999999999999996
,"(4, 4)",566.1763123347232,0
,"(0, 0)",482.8545388418461,0
,"(0, 1)",481.7747258165757,0.9999999999980679
,"(0, 2)",478.99779163719614,0
,"(0, 3)",557.8578674149915,15.0
,"(0, 4)",503.69965878455787,26.99999999999874
,"(1, 0)",523.2710584299865,15.0
,"(1, 1)",572.743398456065,23.0
,"(1, 2)",439.8472687239946,20.0
,"(1, 3)",528.3203462434212,28.999999992590773
,"(1, 4)",479.6044018557891,21.999999999999993
,"(2, 0)",487.77195394289123,15.0
,"(2, 1)",482.24820756223676,0
,"(2, 2)",558.8531557707234,15.0
,"(2, 3)",454.161664059749,16.0
,"(2, 4)",410.65466257827467,12.999999999999815
,"(3, 0)",519.7566549074514,9.999999999999995
,"(3, 1)",494.4569102031426,18.999999999990838
,"(3, 2)",528.8292802259155,2.9999999999883356
,"(3, 3)",433.8920864514847,9.0
,"(3, 4)",384.214866695767,20.0
,"(4, 0)",562.0813876398876,11.0
,"(4, 1)",448.14302051374733,25.999999999870393
,"(4, 2)",614.0820503986705,17.0
,"(4, 3)",538.2039532081551,2.0
,"(4, 4)",533.6790896374797,0
,"(0, 0)",527.4735149377594,20.0
,"(0, 1)",464.05219294778334,19.999999999996373
,"(0, 2)",479.502752976023,3.9999999999999205
,"(0, 3)",471.75492821716097,4.0
,"(0, 4)",640.8916932877455,12.99999999999997
,"(1, 0)",569.1243868665409,15.999999999999995
,"(1, 1)",530.249793094087,29.0
,"(1, 2)",496.45041397155387,2.0
,"(1, 3)",490.3582747556731,6.0
,"(1, 4)",481.830244936292,28.0
,"(2, 0)",464.31043171885193,18.999999999999957
,"(2, 1)",430.6468469638831,29.999999999999734
,"(2, 2)",467.56833485531166,6.0
,"(2, 3)",513.0077282501105,25.0
,"(2, 4)",441.86479155643696,29.0
,"(3, 0)",465.43900702187454,2.9999999999999964
,"(3, 1)",555.8305453414331,19.99999999985468
,"(3, 2)",508.47759303505575,12.0
,"(3, 3)",492.56838982931686,16.0
,"(3, 4)",493.2062707987889,5.999999999999998
,"(4, 0)",428.6501903551402,9.0
,"(4, 1)",517.5546595845161,12.0
,"(4, 2)",500.2231751970456,8.999999999623062
,"(4, 3)",564.3328513684125,27.0
,"(4, 4)",504.6309881332031,28.99999999999958
,"(0, 0)",520.2359163824367,20.999999999999886
,"(0, 1)",546.8940590041525,1.9999999999999993
,"(0, 2)",500.8467872316326,2.0
,"(0, 3)",512.9324196827807,14.0
,"(0, 4)",505.6161495208916,24.999999999883347
,"(1, 0)",504.82737291055946,4.999999999980127
,"(1, 1)",508.5055401039304,16.0
,"(1, 2)",505.7197207775214,12.0
,"(1, 3)",515.7327722193122,28.0
,"(1, 4)",481.01099792440624,26.999999999999982
,"(2, 0)",408.6183810192492,0
,"(2, 1)",547.3910257218081,24.999999999978524
,"(2, 2)",489.53097548617797,25.999999999999996
,"(2, 3)",519.3836273296602,28.999999999999996
,"(2, 4)",467.3245241402158,29.999999999999996
,"(3, 0)",439.5680156021443,17.999999999999485
,"(3, 1)",495.7453196703433,23.0
,"(3, 2)",530.1340132309417,11.0
,"(3, 3)",530.6305793047526,9.0
,"(3, 4)",552.8098144244685,21.0
,"(4, 0)",534.5156999993893,8.0
,"(4, 1)",505.4609120613636,27.0
,"(4, 2)",521.0645180640201,6.999999999999997
,"(4, 3)",436.16118555142725,30.0
,"(4, 4)",419.33967263641506,24.0
,"(0, 0)",518.591858527955,22.99999999999995
,"(0, 1)",437.47773575632255,18.0
,"(0, 2)",486.6633666821834,14.0
,"(0, 3)",548.5360194881528,28.0
,"(0, 4)",483.3251994346196,3.0
,"(1, 0)",518.4360631557126,20.0
,"(1, 1)",420.91591279524647,24.0
,"(1, 2)",510.8648928660591,23.0
,"(1, 3)",489.45555436268506,6.0
,"(1, 4)",526.3823977952388,14.0
,"(2, 0)",470.9737763553607,17.999999999999996
,"(2, 1)",524.6304849224904,6.0
,"(2, 2)",553.1407172451493,27.0
,"(2, 3)",446.5237926768015,13.0
,"(2, 4)",530.3235131007946,10.99999999999994
,"(3, 0)",466.84482932547473,13.999999999999904
,"(3, 1)",533.6285021192057,1.999999999989172
,"(3, 2)",535.0439688344692,8.999999999999979
,"(3, 3)",616.3638104137794,13.999999999999961
,"(3, 4)",488.9538216959819,23.0
,"(4, 0)",483.815633024486,11.0
,"(4, 1)",442.795087265881,8.999999999998714
,"(4, 2)",434.2045878717175,28.99999999999993
,"(4, 3)",537.643340136834,5.999999997823966
,"(4, 4)",494.46513414739826,9.999999999999492
,"(0, 0)",512.8227876288528,8.999999999999998
,"(0, 1)",598.0749105490386,17.0
,"(0, 2)",504.7829963437832,29.0
,"(0, 3)",528.951102158921,3.9999999999999982
,"(0, 4)",517.8657541820047,13.999998130657152
,"(1, 0)",492.9365757220541,19.999999999998025
,"(1, 1)",593.1149961404327,19.999999999999027
,"(1, 2)",478.75248881162656,0
,"(1, 3)",524.7920185197634,20.0
,"(1, 4)",503.6499513728865,13.0
,"(2, 0)",462.0067198849818,4.999999999999999
,"(2, 1)",475.0896287235047,15.999999999999662
,"(2, 2)",431.990131629606,3.0
,"(2, 3)",529.6923407789255,26.999999999999694
,"(2, 4)",514.6966715005046,4.999999999999945
,"(3, 0)",500.75006996482443,25.999999999999964
,"(3, 1)",549.3219000857847,0
,"(3, 2)",520.5461901819165,15.999999999999998
,"(3, 3)",446.85765945176126,14.0
,"(3, 4)",377.48649992034746,17.0
,"(4, 0)",527.5461215353466,13.999999999999144
,"(4, 1)",502.330197949924,30.0
,"(4, 2)",446.92033673682454,17.999999999998394
,"(4, 3)",446.5575119598138,11.99999999998927
,"(4, 4)",512.4644382665703,21.0
,"(0, 0)",555.7127839807642,12.0
,"(0, 1)",527.6839307333942,0
,"(0, 2)",458.4306168939148,13.0
,"(0, 3)",547.524373747123,25.99999999999904
,"(0, 4)",533.7233181642832,12.999999999999899
,"(1, 0)",510.85062770557295,15.0
,"(1, 1)",522.3576331863588,13.999999999836959
,"(1, 2)",416.35799876785717,6.0
,"(1, 3)",477.41814202682957,26.0
,"(1, 4)",505.41814344319926,4.0
,"(2, 0)",470.2838263157665,15.0
,"(2, 1)",565.2484115860868,24.999999999996252
,"(2, 2)",527.6729505049396,18.999999999999996
,"(2, 3)",500.3149763262049,3.0
,"(2, 4)",441.69086362169924,26.0
,"(3, 0)",497.12341721860344,21.0
,"(3, 1)",451.99313620912477,0
,"(3, 2)",509.0367978164227,28.999999999990823
,"(3, 3)",468.2172975927905,7.999999999998525
,"(3, 4)",457.14064495583887,20.0
,"(4, 0)",521.5271231599538,10.0
,"(4, 1)",454.1345737180065,18.99999999999911
,"(4, 2)",544.4471606411595,19.0
,"(4, 3)",527.452351235677,18.0
,"(4, 4)",508.2389004484283,0
,"(0, 0)",371.993918948147,19.0
,"(0, 1)",553.2349736044663,11.0
,"(0, 2)",481.9552152387083,3.0
,"(0, 3)",561.8140927568877,21.0
,"(0, 4)",518.5705744007658,27.999999999999954
,"(1, 0)",499.8932197368359,3.0
,"(1, 1)",454.6436069531352,20.0
,"(1, 2)",492.19628225260203,19.0
,"(1, 3)",500.6929471256999,1.0
,"(1, 4)",500.9116971511656,10.999999999911024
,"(2, 0)",507.32206989129696,1.0
,"(2, 1)",498.70143445634716,1.0
,"(2, 2)",558.810711599308,4.0
,"(2, 3)",448.1363161432227,12.999999999998913
,"(2, 4)",469.0261988213039,4.0
,"(3, 0)",462.8760809404893,4.0
,"(3, 1)",590.113649102618,27.0
,"(3, 2)",494.4464426164022,20.0
,"(3, 3)",444.1676567811017,14.999999999991198
,"(3, 4)",476.2757778625567,25.0
,"(4, 0)",542.6392116998588,10.0
,"(4, 1)",436.34642104067785,6.999999999950512
,"(4, 2)",574.2063380745905,29.999999999951946
,"(4, 3)",492.04483498674597,7.999999999999999
,"(4, 4)",568.9803278150667,20.999999999999993
,"(0, 0)",553.8458070263889,1.9999999999980358
,"(0, 1)",436.6824277067618,8.0
,"(0, 2)",525.3061261930436,22.0
,"(0, 3)",522.813845798586,9.0
,"(0, 4)",443.83596680273666,14.999999999999853
,"(1, 0)",395.57459323975684,27.0
,"(1, 1)",509.0353299412775,2.0
,"(1, 2)",485.52174069475484,11.999999999974154
,"(1, 3)",417.29189952654144,0
,"(1, 4)",550.7110053906534,11.999999999999822
,"(2, 0)",507.75004074849437,12.999999999999316
,"(2, 1)",506.1469877382892,16.999999999999996
,"(2, 2)",548.361568469076,2.0
,"(2, 3)",533.6092116478749,21.0
,"(2, 4)",517.3824917022856,4.0
,"(3, 0)",520.210546579041,27.999999999999975
,"(3, 1)",509.96962078568237,22.999999999999996
,"(3, 2)",460.88551882990555,20.0
,"(3, 3)",493.40306788599685,8.0
,"(3, 4)",498.2756417843662,6.0
,"(4, 0)",499.6931364824074,25.0
,"(4, 1)",500.7332823088244,18.0
,"(4, 2)",527.8805499722935,5.999999999999959
,"(4, 3)",531.1562850745906,11.99999999999955
,"(4, 4)",503.9233076703715,23.0
,"(0, 0)",490.58273989998077,25.0
,"(0, 1)",481.1567231856172,30.0
,"(0, 2)",500.45462506823833,27.0
,"(0, 3)",426.04677162798714,16.0
,"(0, 4)",537.5866413021236,20.999999999926768
,"(1, 0)",589.912130078382,9.999999999998977
,"(1, 1)",438.7321481904513,29.99999999999904
,"(1, 2)",429.53211596127426,2.0
,"(1, 3)",499.25114496631994,19.99999999999997
,"(1, 4)",524.6662262170983,29.999999999999957
,"(2, 0)",492.6553533522555,8.99999999968505
,"(2, 1)",507.49383509117985,12.0
,"(2, 2)",484.59018942289265,19.0
,"(2, 3)",554.6133190875181,28.0
,"(2, 4)",566.7918636489248,19.0
,"(3, 0)",530.9065244429952,3.0
,"(3, 1)",471.81136091792763,0.9999999999998859
,"(3, 2)",470.76320877958756,1.0
,"(3, 3)",458.9959509340916,0
,"(3, 4)",539.1994531733195,0
,"(4, 0)",507.59652059277704,7.0
,"(4, 1)",482.81773711334097,22.999999999998106
,"(4, 2)",507.0636054132091,0
,"(4, 3)",483.56317899142505,2.0
,"(4, 4)",523.2166325410832,10.0
,"(0, 0)",539.1778847452301,15.0
,"(0, 1)",550.5604556065597,26.0
,"(0, 2)",436.3156037221383,0
,"(0, 3)",542.2507548482013,22.0
,"(0, 4)",451.0152478955757,15.0
,"(1, 0)",467.04171846841086,0.9999999999999999
,"(1, 1)",521.184896087315,17.999999999999446
,"(1, 2)",469.152427469864,27.0
,"(1, 3)",488.79070868073757,20.0
,"(1, 4)",600.6800199267017,15.99999999999301
,"(2, 0)",552.2241646845671,3.0
,"(2, 1)",468.5534408654139,17.999999999996092
,"(2, 2)",492.6412499415732,4.999999999999963
,"(2, 3)",461.7412731044012,7.9999999999999964
,"(2, 4)",494.76193122628774,7.0
,"(3, 0)",516.7258696747847,28.999999999999893
,"(3, 1)",427.4245805644238,0
,"(3, 2)",457.2800681099509,30.0
,"(3, 3)",490.41019483953676,10.99999999999993
,"(3, 4)",528.6441413229658,12.0
,"(4, 0)",518.5303053181082,29.0
,"(4, 1)",451.20124756990765,2.0
,"(4, 2)",492.04862231223603,10.0
,"(4, 3)",508.83638573871303,15.0
,"(4, 4)",572.8068072763967,21.0
,"(0, 0)",497.3821054745627,15.999999999962325
,"(0, 1)",473.8618071953321,2.0
,"(0, 2)",502.41885298940593,20.99999999999999
,"(0, 3)",518.9753467899066,14.0
,"(0, 4)",401.2280371633246,27.0
,"(1, 0)",440.6982252122139,14.0
,"(1, 1)",491.8040364334659,29.0
,"(1, 2)",479.8234969860204,9.0
,"(1, 3)",458.62445228065616,10.999999999998785
,"(1, 4)",510.12305754857323,18.0
,"(2, 0)",539.1179322986094,6.0
,"(2, 1)",497.43619735517177,14.0
,"(2, 2)",497.0044110393606,4.0
,"(2, 3)",532.1568501811784,17.0
,"(2, 4)",554.9531465611376,13.0
,"(3, 0)",533.126203744587,15.0
,"(3, 1)",519.6044249486198,5.9999999999999645
,"(3, 2)",527.1890874198108,23.999999999999808
,"(3, 3)",429.61414813797916,16.99999999999997
,"(3, 4)",437.4651041152245,25.0
,"(4, 0)",530.5550916745632,22.99999999998584
,"(4, 1)",613.8956359641087,9.0
,"(4, 2)",541.0934858217834,9.0
,"(4, 3)",476.29421622509983,19.0
,"(4, 4)",495.5546464393053,29.999999999999986
,"(0, 0)",520.7576389042048,21.999999999979476
,"(0, 1)",428.14693882788197,28.999999999999996
,"(0, 2)",533.8745616151889,6.999999999902803
,"(0, 3)",410.86318963752296,2.0
,"(0, 4)",426.32887386077476,0
,"(1, 0)",533.5229943765348,29.0
,"(1, 1)",596.9387172297738,11.0
,"(1, 2)",521.3436363909752,8.999999976719897
,"(1, 3)",434.9691886183956,16.0
,"(1, 4)",503.5207707914194,10.0
,"(2, 0)",518.4728841290079,9.0
,"(2, 1)",460.02489017090573,0
,"(2, 2)",555.5671251277597,24.0
,"(2, 3)",497.8792087142914,27.0
,"(2, 4)",508.7376447559969,26.0
,"(3, 0)",568.2434396432691,10.0
,"(3, 1)",482.77470603054985,0
,"(3, 2)",519.776644196124,4.0
,"(3, 3)",558.7699922905009,13.0
,"(3, 4)",455.7698073496789,14.0
,"(4, 0)",480.20273231300695,14.999999999778428
,"(4, 1)",508.79117593445926,21.0
,"(4, 2)",512.8291565160071,15.0
,"(4, 3)",508.34412238722007,18.0
,"(4, 4)",453.5499601885502,2.0
,"(0, 0)",495.0225414033688,10.0
,"(0, 1)",459.1557715654857,19.999999999999982
,"(0, 2)",563.5992635046879,25.0
,"(0, 3)",485.1879071953907,5.0
,"(0, 4)",482.241387946915,30.0
,"(1, 0)",555.4879990822888,5.0
,"(1, 1)",442.6480366673075,24.99999999999919
,"(1, 2)",497.68885046330234,29.999999999999943
,"(1, 3)",553.3279510707385,16.0
,"(1, 4)",493.23600251055643,7.0
,"(2, 0)",499.47604048797706,12.0
,"(2, 1)",499.74291086148196,17.0
,"(2, 2)",502.9962473878349,21.0
,"(2, 3)",532.3704623854177,5.0
,"(2, 4)",549.6125226160564,20.0
,"(3, 0)",530.9409843695129,21.0
,"(3, 1)",496.27071112981656,14.9999999994123
,"(3, 2)",506.7438970609682,4.999999999999959
,"(3, 3)",449.4421022866758,1.9999999999982656
,"(3, 4)",568.2908840971968,24.0
,"(4, 0)",440.44721356124995,14.0
,"(4, 1)",496.41168418387815,2.9999999999999813
,"(4, 2)",463.0004473964642,15.0
,"(4, 3)",472.42772602221055,28.0
,"(4, 4)",464.2304547432175,17.999999999999957
,"(0, 0)",517.5441035795815,21.999999999999748
,"(0, 1)",534.1618697868403,28.0
,"(0, 2)",500.0549956839026,11.999999999999998
,"(0, 3)",458.7231146904521,29.0
,"(0, 4)",475.177079569522,10.0
,"(1, 0)",501.9457017563114,20.999999999999545
,"(1, 1)",461.16395778814314,10.0
,"(1, 2)",572.3172332664368,4.0
,"(1, 3)",491.60070402099063,28.0
,"(1, 4)",524.1733495723506,27.0
,"(2, 0)",455.84489492192165,4.0
,"(2, 1)",571.132014307389,26.0
,"(2, 2)",457.11528653661816,12.999999999999975
,"(2, 3)",448.6886089386643,6.0
,"(2, 4)",522.2718577290165,25.999999998332417
,"(3, 0)",524.1016174665206,4.0
,"(3, 1)",470.2795479572675,29.999999999999986
,"(3, 2)",502.3958812787202,0
,"(3, 3)",468.04257982901623,15.999999999999998
,"(3, 4)",502.2918809063252,1.0
,"(4, 0)",496.17218157518994,3.9999999999999947
,"(4, 1)",503.14820294114435,18.999999999999993
,"(4, 2)",523.5276577456606,25.99999987672093
,"(4, 3)",533.4267999373966,0
,"(4, 4)",484.6988782146178,19.99999999999999
,"(0, 0)",528.1421878908725,14.0
,"(0, 1)",494.0542594803945,3.999999999999825
,"(0, 2)",443.4465944162619,14.0
,"(0, 3)",429.2276780072334,17.99999999999981
,"(0, 4)",528.1980584197067,6.999999997808527
,"(1, 0)",511.32076308720224,11.0
,"(1, 1)",486.8404518524714,3.0
,"(1, 2)",553.7832085864826,17.0
,"(1, 3)",507.6846983714587,26.999999999999986
,"(1, 4)",468.86680626765593,14.999999999999899
,"(2, 0)",457.2903024369962,16.0
,"(2, 1)",466.2688714668788,13.0
,"(2, 2)",467.07523412859086,7.999999999999962
,"(2, 3)",502.894964349142,3.0
,"(2, 4)",458.4243026528963,19.999999999952628
,"(3, 0)",490.069823941906,7.999999999999709
,"(3, 1)",519.1372707206615,9.0
,"(3, 2)",492.9295395752622,0
,"(3, 3)",548.596360279526,18.0
,"(3, 4)",473.46563750468283,15.999999999999998
,"(4, 0)",514.0478665627585,22.0
,"(4, 1)",459.7025659286813,16.99999999999998
,"(4, 2)",561.6987525399254,7.0
,"(4, 3)",577.4206587814622,23.99999999999911
,"(4, 4)",559.4131427508902,21.999999999993143
,"(0, 0)",488.99581041443054,9.99999999999999
,"(0, 1)",396.03334826335254,13.0
,"(0, 2)",436.84289096052305,26.0
,"(0, 3)",421.34413872474966,25.99999999999999
,"(0, 4)",532.8202105578091,22.0
,"(1, 0)",464.06406185818145,9.0
,"(1, 1)",543.8046134405952,23.0
,"(1, 2)",521.8752271480419,20.99999999999998
,"(1, 3)",496.31982555488275,5.0
,"(1, 4)",502.753363248904,0
,"(2, 0)",531.1798283337523,27.999999999999993
,"(2, 1)",508.81232022769274,5.0
,"(2, 2)",458.36326473004283,0
,"(2, 3)",527.3528337473853,4.999999999999987
,"(2, 4)",500.4874826787112,16.0
,"(3, 0)",495.88123384610583,24.0
,"(3, 1)",531.9745276438199,0
,"(3, 2)",504.78055268587235,28.0
,"(3, 3)",539.6115948652122,8.0
,"(3, 4)",579.6299229234668,14.0
,"(4, 0)",522.8229328949491,24.999999999999808
,"(4, 1)",459.2928268172197,12.999999999998565
,"(4, 2)",543.285822401305,2.0
,"(4, 3)",465.7019731239633,0
,"(4, 4)",525.9693929090312,27.0
,"(0, 0)",507.76324408915974,4.999999999999791
,"(0, 1)",560.3106013886758,0.9999999999914446
,"(0, 2)",511.75343072502585,21.0
,"(0, 3)",549.388125928171,7.0
,"(0, 4)",537.9490127191755,8.0
,"(1, 0)",509.159735497174,0
,"(1, 1)",447.53359648499315,21.99999999999981
,"(1, 2)",475.0226542692571,16.0
,"(1, 3)",489.95131714584016,13.0
,"(1, 4)",489.79083921057645,12.999999999999888
,"(2, 0)",495.5624025103667,0
,"(2, 1)",504.1331825008797,15.999999999999972
,"(2, 2)",505.79716183191204,14.0
,"(2, 3)",463.5439869516257,9.0
,"(2, 4)",446.0589362001934,9.99999999999995
,"(3, 0)",496.9056715017915,11.999999999999734
,"(3, 1)",534.0199700161663,17.999999999999993
,"(3, 2)",456.5237088897276,8.999999999999984
,"(3, 3)",549.724555476648,28.0
,"(3, 4)",542.962245576296,8.0
,"(4, 0)",544.3876304729953,11.0
,"(4, 1)",508.91484966489287,30.0
,"(4, 2)",462.1071185770683,7.0
,"(4, 3)",439.6690792120566,9.0
,"(4, 4)",471.06694315933095,14.0
,"(0, 0)",532.645998571152,2.9999999999999867
,"(0, 1)",500.108784516421,9.0
,"(0, 2)",578.8696926343208,14.0
,"(0, 3)",504.42142545571176,24.0
,"(0, 4)",525.7874297315693,6.999999999999976
,"(1, 0)",442.6009723631454,30.0
,"(1, 1)",530.2432951964549,22.0
,"(1, 2)",551.3078996462823,7.999999999999779
,"(1, 3)",439.97544630972453,5.999999999999993
,"(1, 4)",471.66234669668967,7.0
,"(2, 0)",498.2421144862056,14.999999999969182
,"(2, 1)",590.0889882402462,28.99999999995843
,"(2, 2)",442.6289395116815,0
,"(2, 3)",458.3260795855096,7.0
,"(2, 4)",526.0603273662983,28.0
,"(3, 0)",557.0435530242088,17.0
,"(3, 1)",452.6234664659652,15.99999999999982
,"(3, 2)",495.014351322655,27.0
,"(3, 3)",465.3202316297803,9.0
,"(3, 4)",495.2267534823986,29.99999999999996
,"(4, 0)",514.3799430812331,14.0
,"(4, 1)",483.3353502067867,22.999999999999993
,"(4, 2)",523.4819352890199,21.999999999996405
,"(4, 3)",469.16916160128005,3.999999999999904
,"(4, 4)",451.43551358526,11.99999999999956
,"(0, 0)",513.2171243511478,19.99999999999999
,"(0, 1)",506.4688229673559,18.99999999999999
,"(0, 2)",445.0940255850462,3.0
,"(0, 3)",525.0110757269258,25.0
,"(0, 4)",502.5821537224121,26.0
,"(1, 0)",487.4545940556324,15.0
,"(1, 1)",495.4457358015236,12.0
,"(1, 2)",491.73779066691776,1.0
,"(1, 3)",499.24675230158203,23.0
,"(1, 4)",478.9088243518343,12.99999999993447
,"(2, 0)",469.2119140237133,14.999999999999996
,"(2, 1)",488.95485962275245,13.0
,"(2, 2)",496.2331492926715,0.9999999999999999
,"(2, 3)",531.6523909305085,15.999999999999599
,"(2, 4)",486.66540446112833,12.0
,"(3, 0)",537.556322315905,3.9999999999902522
,"(3, 1)",527.070773186482,26.999999999999982
,"(3, 2)",429.61266565175714,20.999999999999673
,"(3, 3)",504.93967570592963,26.99999999999991
,"(3, 4)",568.6855869116621,11.0
,"(4, 0)",518.2394511297468,1.0
,"(4, 1)",466.5281621933509,23.0
,"(4, 2)",540.1473807716718,27.999999999999996
,"(4, 3)",463.72438254029333,8.0
,"(4, 4)",525.6109817320493,12.999999999999726
,"(0, 0)",481.0095844340083,5.0
,"(0, 1)",465.38550113121306,6.99999999999971
,"(0, 2)",480.9841981683153,13.99999999999963
,"(0, 3)",536.5434857448691,0
,"(0, 4)",548.11484156937,14.0
,"(1, 0)",519.5901525040388,3.0
,"(1, 1)",527.2531166096745,28.0
,"(1, 2)",552.6601152648454,12.0
,"(1, 3)",527.9959854503492,0
,"(1, 4)",503.0496198891818,27.999999999735426
,"(2, 0)",527.2458091385159,19.0
,"(2, 1)",471.0579624298754,20.0
,"(2, 2)",456.78916402806436,19.999999999999993
,"(2, 3)",524.2512137257413,17.999999999999975
,"(2, 4)",513.691007892911,24.0
,"(3, 0)",478.8818146031818,23.999999999998806
,"(3, 1)",448.2717543233809,9.999999999999
,"(3, 2)",469.2034048947919,0
,"(3, 3)",513.327438167423,0
,"(3, 4)",464.39984541607134,0
,"(4, 0)",499.64065818091774,27.0
,"(4, 1)",495.06751454291407,18.0
,"(4, 2)",497.2213404964354,22.99999999998611
,"(4, 3)",494.0015253270613,4.999999999999985
,"(4, 4)",504.3629460668493,12.99999999999377
,"(0, 0)",602.2650847798192,22.999999999999943
,"(0, 1)",495.405445859958,7.99999999999984
,"(0, 2)",540.7056163854255,24.0
,"(0, 3)",506.29206129455645,5.9999999999999964
,"(0, 4)",512.8657837435895,0
,"(1, 0)",503.42495396979484,15.999999999999998
,"(1, 1)",492.11082081873076,8.999999999999996
,"(1, 2)",479.7371678643674,1.0
,"(1, 3)",497.7030525059595,18.0
,"(1, 4)",517.577161807214,1.0
,"(2, 0)",550.7150079801165,4.999999999996068
,"(2, 1)",459.5073497005065,29.0
,"(2, 2)",463.5675963490824,0
,"(2, 3)",486.70762908888184,16.0
,"(2, 4)",489.0948284697646,21.999999999999986
,"(3, 0)",568.5083374342702,26.0
,"(3, 1)",465.8540481344164,11.999999999999355
,"(3, 2)",500.6966475928009,28.0
,"(3, 3)",476.7274838498485,7.0
,"(3, 4)",497.39428164066595,30.0
,"(4, 0)",451.09755880125357,4.999999999999971
,"(4, 1)",481.45142549272214,0
,"(4, 2)",507.73040870195985,2.0
,"(4, 3)",455.6261979989987,14.999999999999996
,"(4, 4)",497.23404973529676,7.999999999977697
,"(0, 0)",492.8817511796778,6.0
,"(0, 1)",522.1054221389501,13.0
,"(0, 2)",505.35904973108563,24.0
,"(0, 3)",416.3292042966511,0
,"(0, 4)",509.5635131685845,13.99999999999898
,"(1, 0)",451.16422498091106,2.0
,"(1, 1)",483.75555495877325,10.0
,"(1, 2)",446.8688238508027,30.0
,"(1, 3)",516.646861134572,12.0
,"(1, 4)",577.5186537000187,6.0
,"(2, 0)",508.71430222790985,8.99999999999551
,"(2, 1)",473.8834451508738,26.0
,"(2, 2)",496.3831130134908,28.99999999999531
,"(2, 3)",551.4273885808244,14.0
,"(2, 4)",501.92121597828583,0
,"(3, 0)",475.26223463220754,28.0
,"(3, 1)",466.0848156129592,30.0
,"(3, 2)",501.80968188245924,1.9999999999999996
,"(3, 3)",515.8042694692912,8.999999999999964
,"(3, 4)",521.1436261822441,23.0
,"(4, 0)",520.1176111930645,4.999999999999767
,"(4, 1)",458.53441131815725,13.0
,"(4, 2)",558.111518938355,27.0
,"(4, 3)",545.6164469241648,3.9999999999999996
,"(4, 4)",482.9928597556853,2.0
,"(0, 0)",418.1736684200109,29.0
,"(0, 1)",485.84413424516134,18.0
,"(0, 2)",487.09619878388764,15.0
,"(0, 3)",533.073612219987,9.0
,"(0, 4)",490.7183627704062,28.0
,"(1, 0)",576.0695702117749,7.999999999946023
,"(1, 1)",490.2645425910971,2.9999999999997016
,"(1, 2)",461.6480275440977,14.0
,"(1, 3)",506.18027343771644,10.0
,"(1, 4)",527.4354290359919,0
,"(2, 0)",475.4073680955407,12.99999999999999
,"(2, 1)",499.7866472441722,13.999999999999979
,"(2, 2)",454.52330948415874,4.0
,"(2, 3)",595.7338036468726,14.0
,"(2, 4)",466.70144718578285,12.999999999999904
,"(3, 0)",494.7270656529635,14.0
,"(3, 1)",452.2934227637982,5.0
,"(3, 2)",496.64226843590757,0
,"(3, 3)",556.6898019598723,28.0
,"(3, 4)",542.6216368548237,7.0
,"(4, 0)",515.8293630979917,23.99999999999999
,"(4, 1)",511.43756698195534,0
,"(4, 2)",423.02841985854104,17.999999999999993
,"(4, 3)",504.6093217167741,0
,"(4, 4)",533.4647377607135,16.0
,"(0, 0)",522.7560387887602,6.0
,"(0, 1)",490.71271643147617,10.0
,"(0, 2)",520.0447590127493,5.0
,"(0, 3)",473.6404745454863,21.999999999905352
,"(0, 4)",513.1115010057716,22.0
,"(1, 0)",451.86322335255795,21.99999999999999
,"(1, 1)",540.9479864614915,2.0
,"(1, 2)",457.5981837868549,2.0
,"(1, 3)",472.8237895947618,2.9999999999306546
,"(1, 4)",498.89772721699813,25.0
,"(2, 0)",442.9549742869532,13.999999999997764
,"(2, 1)",536.7692695001866,2.99999999999933
,"(2, 2)",432.75366715556845,9.999999999997652
,"(2, 3)",523.7126843442754,28.0
,"(2, 4)",466.6861979553355,4.9999999999996385
,"(3, 0)",434.2856283217336,29.999999999999993
,"(3, 1)",576.2836395172196,30.0
,"(3, 2)",517.8213933181357,8.0
,"(3, 3)",522.7961037921247,0
,"(3, 4)",520.0786437951144,21.0
,"(4, 0)",467.23363680501103,9.0
,"(4, 1)",559.1265252632718,5.999999999999811
,"(4, 2)",538.6179395400769,11.999999999977765
,"(4, 3)",464.51047599783544,11.0
,"(4, 4)",553.9728202102493,21.99999999999961
,"(0, 0)",434.10525322404925,16.999999999999684
,"(0, 1)",579.74572332342,10.0
,"(0, 2)",495.2314267843303,26.0
,"(0, 3)",466.9140441413389,22.0
,"(0, 4)",473.68949114153924,0
,"(1, 0)",598.867120955126,0.9999999999911412
,"(1, 1)",532.7675461113032,20.0
,"(1, 2)",508.3709139666548,14.0
,"(1, 3)",545.127238377061,22.0
,"(1, 4)",504.77156999463483,13.0
,"(2, 0)",528.716905285127,4.999999999989243
,"(2, 1)",460.5364575930107,3.0
,"(2, 2)",447.30716733648234,0
,"(2, 3)",533.8977849224062,11.0
,"(2, 4)",513.766545790525,26.0
,"(3, 0)",459.14150686377405,13.0
,"(3, 1)",449.49068163558184,28.999999999999773
,"(3, 2)",465.1335629775001,9.0
,"(3, 3)",580.0698714502022,18.999999999999996
,"(3, 4)",544.1861603408777,23.0
,"(4, 0)",381.7504981235433,6.999999999999997
,"(4, 1)",504.86482094754905,2.0
,"(4, 2)",569.4974423102376,12.0
,"(4, 3)",480.36459029971803,13.999999999999496
,"(4, 4)",441.68567610400726,14.99999999999991
,"(0, 0)",516.0338604119642,3.999999999999998
,"(0, 1)",561.3056819985308,26.0
,"(0, 2)",539.4197332411752,20.99999999999978
,"(0, 3)",409.53058496314236,25.999999999982762
,"(0, 4)",574.5775570125013,22.999999999999996
,"(1, 0)",459.4550217218489,27.0
,"(1, 1)",482.66601475441263,17.999999999999996
,"(1, 2)",534.24678292392,12.0
,"(1, 3)",492.31856298487367,8.999999999999737
,"(1, 4)",458.3687842627937,18.999999999999744
,"(2, 0)",493.36025409987303,23.0
,"(2, 1)",491.5912085988293,11.0
,"(2, 2)",505.0291814561229,24.0
,"(2, 3)",422.9931506427389,6.0
,"(2, 4)",485.0822138079657,28.99999999999841
,"(3, 0)",553.5327160718699,11.0
,"(3, 1)",540.564588144547,18.0
,"(3, 2)",470.8271999891812,2.9999999999994835
,"(3, 3)",525.373831357051,2.9999999999999996
,"(3, 4)",496.7635032040985,11.999999999999996
,"(4, 0)",426.891460540789,2.999999999999999
,"(4, 1)",532.8622920838206,26.0
,"(4, 2)",511.09353611032833,18.99999999995207
,"(4, 3)",470.7699987196344,20.0
,"(4, 4)",545.3422808979872,19.0
,"(0, 0)",523.4004740352462,19.999999999999996
,"(0, 1)",585.2913137949153,15.999999999999773
,"(0, 2)",473.02792108474176,8.999999999999924
,"(0, 3)",506.63273307471604,19.999999999999986
,"(0, 4)",526.7095214778392,11.0
,"(1, 0)",500.1141572543689,22.999999999995712
,"(1, 1)",467.1113169646767,9.0
,"(1, 2)",528.7096207154711,7.999999999990007
,"(1, 3)",457.644215977171,17.0
,"(1, 4)",444.00755778485967,14.0
,"(2, 0)",534.4489271486168,18.999999999999996
,"(2, 1)",474.04964510056584,21.999999999998913
,"(2, 2)",461.7196420424356,26.0
,"(2, 3)",544.4928499555924,7.999999981681202
,"(2, 4)",511.5494051370479,4.999999999999705
,"(3, 0)",431.5972336088006,0
,"(3, 1)",476.7434530999068,25.0
,"(3, 2)",431.66792164108267,14.0
,"(3, 3)",606.6079790824319,12.0
,"(3, 4)",506.9779939491622,14.999999999996767
,"(4, 0)",520.0784315784803,22.0
,"(4, 1)",551.5988927199137,21.0
,"(4, 2)",469.7528650906408,25.0
,"(4, 3)",504.3221090314113,18.0
,"(4, 4)",461.7438186499055,24.999999999999986
,"(0, 0)",525.2177783776239,25.0
,"(0, 1)",512.1209200534806,10.0
,"(0, 2)",477.36734023759004,28.0
,"(0, 3)",520.0045415890388,8.999999999999543
,"(0, 4)",470.4037694120287,19.999999999999996
,"(1, 0)",514.3338698873572,12.0
,"(1, 1)",503.61763172900714,1.0
,"(1, 2)",447.55420313222015,29.999999999999876
,"(1, 3)",430.30390419616054,1.0
,"(1, 4)",421.6198039055411,6.0
,"(2, 0)",491.48588698034257,16.0
,"(2, 1)",549.6505486494741,18.0
,"(2, 2)",567.5563429833635,6.999999999998081
,"(2, 3)",481.7724899549948,12.0
,"(2, 4)",452.11833912627804,1.0
,"(3, 0)",503.40034222545404,29.999999999998156
,"(3, 1)",546.2957711072253,4.0
,"(3, 2)",501.78872745129195,25.999999999999996
,"(3, 3)",521.7593110445665,25.0
,"(3, 4)",530.8466789553165,0
,"(4, 0)",503.1296715883363,14.0
,"(4, 1)",508.50726919531115,0
,"(4, 2)",541.475666921187,4.999999999999132
,"(4, 3)",475.718513624052,27.99999999999935
,"(4, 4)",501.95067767275805,26.99999999999723
,"(0, 0)",554.5572164503895,16.99999999999998
,"(0, 1)",513.7360387235772,9.999999999999995
,"(0, 2)",522.3026383263949,25.0
,"(0, 3)",477.5549241907707,6.99999999999988
,"(0, 4)",473.8188845718755,22.99999999999996
,"(1, 0)",482.72267764225194,0
,"(1, 1)",477.70547640904795,13.0
,"(1, 2)",519.6073743577383,12.0
,"(1, 3)",487.74711059868804,6.0
,"(1, 4)",584.6012269184578,13.0
,"(2, 0)",437.90469270582236,30.0
,"(2, 1)",459.33671392536104,3.0
,"(2, 2)",548.2064540986578,17.999999999999982
,"(2, 3)",478.3649095803052,1.0
,"(2, 4)",418.6569240399634,24.99999999999812
,"(3, 0)",543.2645188148699,24.0
,"(3, 1)",475.99350879425606,5.0
,"(3, 2)",510.98752217525555,13.0
,"(3, 3)",518.542801049171,0.9999999999999879
,"(3, 4)",496.50095689930004,1.9999999999999998
,"(4, 0)",458.048387567015,2.0
,"(4, 1)",554.3207085404131,7.999999999999999
,"(4, 2)",476.29688248742,13.999999999999993
,"(4, 3)",532.6716805488129,5.0
,"(4, 4)",496.54977058418535,7.0
,"(0, 0)",603.7052654748458,0
,"(0, 1)",447.0727979447543,22.0
,"(0, 2)",474.1788208870594,16.99999999999999
,"(0, 3)",470.53005867965976,3.0
,"(0, 4)",468.35205423357604,0
,"(1, 0)",557.2201799112098,10.0
,"(1, 1)",523.9264262091804,13.0
,"(1, 2)",437.81739921793167,7.0
,"(1, 3)",468.8413621578617,10.999999999996309
,"(1, 4)",552.9021900687026,30.0
,"(2, 0)",538.9725163190617,13.0
,"(2, 1)",484.1650112806065,23.99999999182911
,"(2, 2)",481.7558228305719,13.999999999999954
,"(2, 3)",540.2757095562156,21.0
,"(2, 4)",485.79393220053777,23.0
,"(3, 0)",504.82328912156214,25.0
,"(3, 1)",494.81020602498694,9.0
,"(3, 2)",473.3937047455833,10.999999999999995
,"(3, 3)",491.4058546538277,28.99999999999999
,"(3, 4)",484.06102255765137,10.0
,"(4, 0)",504.79673243641423,1.0
,"(4, 1)",514.6361128217716,28.999999999999062
,"(4, 2)",469.6442902467661,24.0
,"(4, 3)",550.8570045724156,15.999999999999964
,"(4, 4)",476.0622358472477,28.9999999016495
,"(0, 0)",578.4324642971957,6.0
,"(0, 1)",451.5118329748197,19.999999999999986
,"(0, 2)",557.3987827554611,15.999999999999998
,"(0, 3)",499.8403354061817,17.0
,"(0, 4)",442.0582113949092,10.0
,"(1, 0)",548.3484338957956,0.9999999999999999
,"(1, 1)",564.4754014903459,22.99999999999564
,"(1, 2)",562.4308978412215,17.0
,"(1, 3)",476.8129301163551,24.999999999999993
,"(1, 4)",403.70357204158637,25.0
,"(2, 0)",534.6849157559881,8.999999999997582
,"(2, 1)",475.09394844821264,27.999999999969965
,"(2, 2)",513.920368849255,7.0
,"(2, 3)",477.6380767686604,8.999999999999668
,"(2, 4)",510.0362896194772,28.9999999999991
,"(3, 0)",552.7817341347542,4.999999999999998
,"(3, 1)",450.11019797448955,15.999999999999723
,"(3, 2)",451.78687099355705,26.999999999999993
,"(3, 3)",488.05919488299435,0.9999999999999991
,"(3, 4)",465.0552783326339,7.0
,"(4, 0)",496.4009108433783,15.999999999999998
,"(4, 1)",470.0718422025133,1.0
,"(4, 2)",476.7665931963678,10.0
,"(4, 3)",524.1905279012332,11.0
,"(4, 4)",528.3903878826131,6.0
,"(0, 0)",466.093716776751,29.999999999697682
,"(0, 1)",455.490674832267,16.0
,"(0, 2)",542.0739095765592,30.0
,"(0, 3)",474.81526037328604,27.999999999999996
,"(0, 4)",549.0712792586546,8.0
,"(1, 0)",408.7454023995266,20.0
,"(1, 1)",424.1510509747006,3.0
,"(1, 2)",497.4238185910344,6.0
,"(1, 3)",546.9935105739759,12.999999999996103
,"(1, 4)",495.71728304038675,5.9999999999999885
,"(2, 0)",560.4960262760412,0
,"(2, 1)",522.8169869020326,22.999999999999993
,"(2, 2)",474.5758097649829,15.999999999999947
,"(2, 3)",503.8059342530862,6.0
,"(2, 4)",582.2655809251418,30.0
,"(3, 0)",479.15217195129816,3.0
,"(3, 1)",530.3734888359583,3.999999999999996
,"(3, 2)",495.19904214494073,10.0
,"(3, 3)",517.7683459999417,5.0
,"(3, 4)",592.5369534486964,9.0
,"(4, 0)",515.9535655051507,2.0
,"(4, 1)",447.7011370132367,11.0
,"(4, 2)",456.6211769932735,8.0
,"(4, 3)",457.36307762478896,7.0
,"(4, 4)",502.79479596428837,14.999999999999945
,"(0, 0)",529.6193470131166,7.999999999999877
,"(0, 1)",476.1922720069822,18.999999999999996
,"(0, 2)",478.1732728789666,29.0
,"(0, 3)",426.1075630824999,8.0
,"(0, 4)",464.00546743817955,9.0
,"(1, 0)",520.6500578885273,24.99999999996251
,"(1, 1)",559.8675076381276,24.0
,"(1, 2)",472.13768754100045,16.999999999988773
,"(1, 3)",512.8956161363262,6.0
,"(1, 4)",531.7542286683122,18.0
,"(2, 0)",481.23516798847487,22.0
,"(2, 1)",466.14496318045997,15.999999999999964
,"(2, 2)",524.560838383384,2.9999999999999636
,"(2, 3)",472.47751342137934,13.99999999999896
,"(2, 4)",490.3316130943206,14.0
,"(3, 0)",499.6528887552812,14.0
,"(3, 1)",536.9748138029354,17.999999999999897
,"(3, 2)",481.32314030685643,20.0
,"(3, 3)",542.2572007523912,19.999999999998707
,"(3, 4)",459.8788532737999,0
,"(4, 0)",527.1099318402689,30.0
,"(4, 1)",543.5796242221073,12.99999999998741
,"(4, 2)",489.9428250884103,24.999999999999943
,"(4, 3)",462.0177964928711,21.0
,"(4, 4)",551.1098091050212,21.0
,"(0, 0)",525.8414096341926,9.0
,"(0, 1)",561.2738204900174,28.999999999999858
,"(0, 2)",473.5515084645523,26.0
,"(0, 3)",506.5862932303249,20.0
,"(0, 4)",516.9960722363061,17.0
,"(1, 0)",527.6778462173924,17.0
,"(1, 1)",474.29397480186236,28.0
,"(1, 2)",514.7966030328619,18.999999999977934
,"(1, 3)",551.5742155560173,0
,"(1, 4)",479.08985431720544,19.0
,"(2, 0)",434.94663978813605,29.0
,"(2, 1)",478.2130673324378,13.99999999999992
,"(2, 2)",498.78469167554096,7.0
,"(2, 3)",447.2785903299572,12.0
,"(2, 4)",493.0697865842605,11.999999999999915
,"(3, 0)",513.8307192673698,15.999999998887155
,"(3, 1)",526.8742012217624,3.0
,"(3, 2)",525.2603731860215,30.0
,"(3, 3)",498.5294565379004,18.0
,"(3, 4)",520.3660908210246,4.0
,"(4, 0)",456.15374971958545,28.0
,"(4, 1)",497.1283474610254,1.9999999999999543
,"(4, 2)",509.20690818395286,2.9999999999526983
,"(4, 3)",493.6609661879645,28.0
,"(4, 4)",475.0148137223281,17.0
,"(0, 0)",551.7095444199708,6.999999995404782
,"(0, 1)",507.20901417084895,7.9999999999999964
,"(0, 2)",500.7652192958549,23.0
,"(0, 3)",539.5676194633621,0
,"(0, 4)",515.3884653736794,15.0
,"(1, 0)",535.7542250051956,19.0
,"(1, 1)",495.3163545252238,10.0
,"(1, 2)",451.58869862635794,30.0
,"(1, 3)",516.0464397408618,1.0
,"(1, 4)",513.0388411067186,26.999999999999993
,"(2, 0)",448.9036217851903,22.0
,"(2, 1)",455.78954933678773,28.0
,"(2, 2)",412.10513357682805,9.999999999999213
,"(2, 3)",535.3250017065614,1.0
,"(2, 4)",491.9345247259808,19.0
,"(3, 0)",499.7668800080708,11.0
,"(3, 1)",483.81994559299716,14.999999999999996
,"(3, 2)",504.8086761032799,30.0
,"(3, 3)",495.5255513668923,3.0
,"(3, 4)",505.4379919237629,29.99999999999993
,"(4, 0)",490.6337329346631,24.0
,"(4, 1)",535.8849420746367,11.0
,"(4, 2)",507.32274155508514,27.0
,"(4, 3)",489.0428383521041,12.999999999999993
,"(4, 4)",517.3144472290854,1.0
,"(0, 0)",480.96867117937336,3.0
,"(0, 1)",481.54196808142495,2.0
,"(0, 2)",483.87566625206347,19.0
,"(0, 3)",494.4750873188155,28.0
,"(0, 4)",468.94924367694864,5.0
,"(1, 0)",487.73941609155116,24.999999999999908
,"(1, 1)",467.712325599874,4.999999999999789
,"(1, 2)",469.63879807160254,6.999999981277468
,"(1, 3)",439.5488604218209,6.999999999999659
,"(1, 4)",391.0855414717949,9.0
,"(2, 0)",526.1929464979189,8.0
,"(2, 1)",486.9204281193106,9.999999999999982
,"(2, 2)",574.5611777495735,27.999999999999968
,"(2, 3)",511.40388358674176,25.0
,"(2, 4)",420.5405711450118,0
,"(3, 0)",530.8540922963922,15.0
,"(3, 1)",501.738826295938,26.999999999992166
,"(3, 2)",519.0825287835306,30.0
,"(3, 3)",520.2929146507341,4.999999999985312
,"(3, 4)",559.0635971763246,9.0
,"(4, 0)",606.1957880203894,0
,"(4, 1)",573.6645931247697,16.99999999999999
,"(4, 2)",477.1722244695587,21.999999999999996
,"(4, 3)",450.5460429437663,15.999999999997579
,"(4, 4)",576.2348069747704,29.999999999999964
,"(0, 0)",489.0216988165777,13.0
,"(0, 1)",560.2205009002063,7.0
,"(0, 2)",492.64292597930665,29.99999999242504
,"(0, 3)",472.5992799735231,15.0
,"(0, 4)",511.02258360938737,2.999999999993163
,"(1, 0)",559.6829059985282,26.0
,"(1, 1)",508.66796590087677,5.0
,"(1, 2)",514.0424367195747,23.0
,"(1, 3)",437.37904037225263,4.0
,"(1, 4)",449.32381619999114,26.0
,"(2, 0)",508.151138422719,11.999999999999998
,"(2, 1)",476.30826213670326,0
,"(2, 2)",496.21984380076185,6.0
,"(2, 3)",547.9916868081526,3.9999999999999996
,"(2, 4)",505.0372474858726,5.999999999999162
,"(3, 0)",524.6729327516096,0
,"(3, 1)",499.3993844150607,4.0
,"(3, 2)",445.39695512099405,26.999999999999943
,"(3, 3)",466.2348106084034,15.0
,"(3, 4)",453.572437535063,12.0
,"(4, 0)",564.3616914396646,19.0
,"(4, 1)",491.06417447134913,0
,"(4, 2)",570.6279590588135,24.0
,"(4, 3)",526.4795169931684,27.0
,"(4, 4)",429.87880448143983,11.0
,"(0, 0)",439.31452990489305,12.0
,"(0, 1)",578.8560234961518,16.0
,"(0, 2)",536.8466368980457,28.999999999999158
,"(0, 3)",483.0896445526862,19.999999999999936
,"(0, 4)",494.46905520176745,22.0
,"(1, 0)",502.76174567537885,12.0
,"(1, 1)",506.6236207370141,11.0
,"(1, 2)",456.9707474397837,17.0
,"(1, 3)",606.544344919646,5.999999999999945
,"(1, 4)",501.7408332795618,25.99999997704039
,"(2, 0)",445.3068574236129,28.0
,"(2, 1)",473.6789910694984,7.99999999776703
,"(2, 2)",490.6829944367864,2.0
,"(2, 3)",520.3389350085827,8.0
,"(2, 4)",452.94755648793813,24.0
,"(3, 0)",486.68269440396045,10.0
,"(3, 1)",568.2831413645582,17.0
,"(3, 2)",451.76846316022886,17.0
,"(3, 3)",495.68735964422484,9.99999999542131
,"(3, 4)",455.47927864465413,30.0
,"(4, 0)",482.69505433769115,7.0
,"(4, 1)",509.3107727144667,10.0
,"(4, 2)",620.1736990737992,21.0
,"(4, 3)",452.796545057647,22.0
,"(4, 4)",486.9504750674227,29.999999999999996
,"(0, 0)",448.1371361653408,11.0
,"(0, 1)",487.53285284758863,28.99999999999432
,"(0, 2)",499.731276517522,6.999999999999998
,"(0, 3)",556.6199391952441,30.0
,"(0, 4)",497.07227275728417,28.0
,"(1, 0)",530.461880727591,5.0
,"(1, 1)",486.19439680753516,7.0
,"(1, 2)",501.0146054929169,0
,"(1, 3)",549.0072577864455,25.0
,"(1, 4)",489.5513035723002,19.99999999999974
,"(2, 0)",464.10525195807827,20.0
,"(2, 1)",511.9727368935329,18.0
,"(2, 2)",520.4238852522918,9.0
,"(2, 3)",497.56473025130595,8.0
,"(2, 4)",450.1188172648419,22.0
,"(3, 0)",494.08810523280624,15.0
,"(3, 1)",504.42092084050887,13.0
,"(3, 2)",461.40048959149357,17.0
,"(3, 3)",482.6597747094603,1.0
,"(3, 4)",517.6855089322925,20.0
,"(4, 0)",515.2195164924359,0
,"(4, 1)",484.87032356604965,3.0
,"(4, 2)",497.85590949407595,24.999999999990095
,"(4, 3)",556.4105701256868,26.0
,"(4, 4)",495.8805375253705,10.0
,"(0, 0)",434.2641610443038,1.0
,"(0, 1)",574.3809355784226,12.999999999513369
,"(0, 2)",544.2100640257269,17.999999999999986
,"(0, 3)",482.8678763279018,17.999999999999975
,"(0, 4)",500.8950632662164,13.0
,"(1, 0)",512.2494714172377,28.0
,"(1, 1)",440.31925279971193,13.0
,"(1, 2)",470.43116113033966,16.0
,"(1, 3)",518.7355213774403,26.0
,"(1, 4)",480.127469451761,0
,"(2, 0)",587.5987122134284,13.999999999999966
,"(2, 1)",438.95767363791913,0
,"(2, 2)",491.5333355820762,1.0
,"(2, 3)",508.08757368627096,20.0
,"(2, 4)",468.46154404261677,14.0
,"(3, 0)",522.5519931445743,15.999999999999922
,"(3, 1)",523.1376009068997,23.99999999999955
,"(3, 2)",529.7003680569162,29.999999999999996
,"(3, 3)",430.6709991534441,11.0
,"(3, 4)",511.1837484351028,19.0
,"(4, 0)",497.9597991969898,8.0
,"(4, 1)",522.0806808562298,2.0
,"(4, 2)",548.9621935737966,22.0
,"(4, 3)",544.7763309383391,12.0
,"(4, 4)",415.8564701563341,23.0
,"(0, 0)",536.8553016913,22.999999999999677
,"(0, 1)",534.5032216789264,25.0
,"(0, 2)",411.19087229553594,19.999999999999975
,"(0, 3)",551.4662791649068,0
,"(0, 4)",500.30406601467354,16.0
,"(1, 0)",542.3773687050086,6.0
,"(1, 1)",525.5496275760097,10.0
,"(1, 2)",459.8355624245002,26.999999999999986
,"(1, 3)",435.6646283247331,18.0
,"(1, 4)",460.2631529703029,0
,"(2, 0)",579.7475071404677,10.0
,"(2, 1)",496.98110011377173,10.99999999999748
,"(2, 2)",438.934871364346,12.0
,"(2, 3)",479.83001004486897,0.9999999999999973
,"(2, 4)",486.5853139054442,24.0
,"(3, 0)",517.9867406990621,30.0
,"(3, 1)",456.5636781903875,17.999999999999922
,"(3, 2)",476.4685046812881,0
,"(3, 3)",524.8950331029232,4.0
,"(3, 4)",511.52763381469066,30.0
,"(4, 0)",509.8035026348211,13.0
,"(4, 1)",522.3893264634295,27.999999999999936
,"(4, 2)",529.1349720478972,0
,"(4, 3)",523.1911494355309,21.0
,"(4, 4)",487.95057551517334,23.0
,"(0, 0)",479.4576222380693,23.0
,"(0, 1)",489.9467247613818,5.0
,"(0, 2)",411.7273756120385,10.0
,"(0, 3)",534.600076226864,12.999999999999973
,"(0, 4)",507.79238743998764,0
,"(1, 0)",457.79633223579003,24.99999999999999
,"(1, 1)",515.5211918087581,20.0
,"(1, 2)",475.0690776708496,15.999999999999993
,"(1, 3)",470.54823214662395,11.0
,"(1, 4)",568.6228059249005,11.999999999999998
,"(2, 0)",504.00258458126024,23.99999999999991
,"(2, 1)",557.6050724646277,9.0
,"(2, 2)",499.9644865719275,1.0
,"(2, 3)",494.2728130311982,16.999999999999908
,"(2, 4)",507.34417806264327,27.0
,"(3, 0)",462.3205657128478,2.0
,"(3, 1)",579.3006360821023,27.0
,"(3, 2)",454.16656433166855,13.99999999999964
,"(3, 3)",517.818663224249,10.999999999999295
,"(3, 4)",538.196237632132,2.0
,"(4, 0)",451.3512544493557,11.999999999999902
,"(4, 1)",523.5916063184669,0
,"(4, 2)",489.31995192547413,23.0
,"(4, 3)",443.3283931760731,13.0
,"(4, 4)",566.3351663707095,26.999999999999996
,"(0, 0)",432.9272261274299,25.99999999951148
,"(0, 1)",434.74481324158444,3.999999999997325
,"(0, 2)",530.7017563426589,23.99999999999995
,"(0, 3)",542.4321936735552,30.0
,"(0, 4)",538.0617391216038,6.0
,"(1, 0)",525.7456746731709,4.0
,"(1, 1)",558.2002572773351,17.999999999998963
,"(1, 2)",458.37216735362097,2.999999999999981
,"(1, 3)",525.6465889289933,30.0
,"(1, 4)",546.9467704939689,19.999999999942418
,"(2, 0)",451.53384382771503,15.0
,"(2, 1)",469.7589506455654,9.0
,"(2, 2)",539.9643075052097,27.0
,"(2, 3)",494.9047014328822,5.0
,"(2, 4)",418.0361215578639,9.0
,"(3, 0)",499.7912354676395,11.999999999999902
,"(3, 1)",561.6248534562882,26.999999999999712
,"(3, 2)",414.2318699212346,24.0
,"(3, 3)",505.45715057031,9.999999999998252
,"(3, 4)",497.34371317517093,22.999999999999968
,"(4, 0)",548.3858422283334,22.0
,"(4, 1)",491.3111270477301,2.999999999999944
,"(4, 2)",432.55091574739276,7.999999999999988
,"(4, 3)",548.0177568928351,26.0
,"(4, 4)",533.3084232899078,25.0
,"(0, 0)",500.26135180024585,30.0
,"(0, 1)",509.4594602177125,24.999999999999993
,"(0, 2)",475.40132407746665,1.9999999996642916
,"(0, 3)",458.0884228144797,13.0
,"(0, 4)",557.4810310360925,30.0
,"(1, 0)",532.6852883026361,17.99999999999999
,"(1, 1)",575.2592438953088,2.0
,"(1, 2)",569.0408579597635,29.99999999999999
,"(1, 3)",463.4785140584649,18.999999999983544
,"(1, 4)",456.6399964150826,22.0
,"(2, 0)",453.6178859453671,14.0
,"(2, 1)",557.4369323370074,4.999999999999996
,"(2, 2)",474.28550271309393,8.999999999999995
,"(2, 3)",510.7437560988649,13.0
,"(2, 4)",511.9985849131232,10.99999999999992
,"(3, 0)",459.9230221430484,0
,"(3, 1)",504.8225005486456,25.999999999999996
,"(3, 2)",512.0373075514018,20.999999999958348
,"(3, 3)",468.6338615014201,6.0
,"(3, 4)",534.8993839784912,29.0
,"(4, 0)",442.3168383543424,3.0
,"(4, 1)",556.1882561520928,25.0
,"(4, 2)",412.88495020404963,16.0
,"(4, 3)",506.72693564372076,23.0
,"(4, 4)",495.6887913380785,24.999999999999996
,"(0, 0)",463.95833337080575,16.0
,"(0, 1)",509.74784743462664,1.0
,"(0, 2)",430.21934965583677,9.99999999999951
,"(0, 3)",547.1692857119159,1.9999999999999993
,"(0, 4)",473.54593628595643,23.999999999999588
,"(1, 0)",561.1765809769189,29.999999999998057
,"(1, 1)",506.2866756770787,3.0
,"(1, 2)",528.8426724330187,23.0
,"(1, 3)",530.9861933899272,12.0
,"(1, 4)",523.1199634694515,11.0
,"(2, 0)",519.7392266086844,6.0
,"(2, 1)",466.68710461494715,18.0
,"(2, 2)",457.83353355141173,28.0
,"(2, 3)",537.1878721261129,22.0
,"(2, 4)",535.2584362790976,0
,"(3, 0)",543.5205653828459,8.0
,"(3, 1)",472.9164055785881,0
,"(3, 2)",515.2097782669586,17.99999999999992
,"(3, 3)",533.9958638558401,28.0
,"(3, 4)",497.977526729707,17.999999999999027
,"(4, 0)",518.8163797320104,0
,"(4, 1)",485.07515538977447,13.99999999999999
,"(4, 2)",476.8770705377725,9.0
,"(4, 3)",354.3431977517794,24.999999999999265
,"(4, 4)",509.509045188933,5.0
,"(0, 0)",455.58730988408763,3.999999999999937
,"(0, 1)",521.7864634928662,7.99999999999974
,"(0, 2)",469.58754289233144,23.0
,"(0, 3)",449.14075689245334,5.999999999994318
,"(0, 4)",530.6849285282741,20.0
,"(1, 0)",468.117972253742,26.0
,"(1, 1)",496.10237616817557,10.0
,"(1, 2)",447.8322896574286,4.999999999999999
,"(1, 3)",493.7426853576761,7.0
,"(1, 4)",460.47476442242123,20.99999999999992
,"(2, 0)",483.40808754097,5.0
,"(2, 1)",504.23741708487273,9.9999999999996
,"(2, 2)",523.5144124306788,12.0
,"(2, 3)",458.76478191275885,8.0
,"(2, 4)",517.4729226682381,13.0
,"(3, 0)",462.6582847026706,10.999999999999867
,"(3, 1)",512.5968347425795,24.0
,"(3, 2)",567.8717307740496,30.0
,"(3, 3)",546.0571080405095,17.0
,"(3, 4)",540.3328410113705,26.99999999999663
,"(4, 0)",501.40227403450814,14.999999999999998
,"(4, 1)",493.46441122986914,15.0
,"(4, 2)",549.8471848150516,22.0
,"(4, 3)",525.2935332595941,4.0
,"(4, 4)",520.0210862028227,17.0
,"(0, 0)",552.7669207302619,6.0
,"(0, 1)",494.3680327427185,23.99999999999976
,"(0, 2)",423.8456276556111,0.9999999999999983
,"(0, 3)",607.948776914961,29.99999999996848
,"(0, 4)",522.7091015926922,16.0
,"(1, 0)",540.2357466644867,10.0
,"(1, 1)",534.9366538226293,25.0
,"(1, 2)",494.4298584090757,11.0
,"(1, 3)",482.43735157088867,6.0
,"(1, 4)",492.1010972906418,26.999999999996056
,"(2, 0)",506.77345066103527,22.0
,"(2, 1)",445.568717567464,11.9999999999999
,"(2, 2)",474.21479328636195,26.0
,"(2, 3)",520.6595782266779,7.9999999999814095
,"(2, 4)",510.92349140390627,15.0
,"(3, 0)",500.5253758612065,0
,"(3, 1)",477.0564355481762,15.99999995593629
,"(3, 2)",461.46387271418826,20.0
,"(3, 3)",538.8720229020217,15.999999999999998
,"(3, 4)",452.69063241124354,24.999999999999996
,"(4, 0)",519.5552301425344,19.999999999999993
,"(4, 1)",507.64426815375174,21.999999999999954
,"(4, 2)",419.5127124306697,7.0
,"(4, 3)",490.2470800760606,22.999999999824727
,"(4, 4)",528.5131712207353,14.999999999968052
,"(0, 0)",519.5109142232694,6.99999999999998
,"(0, 1)",450.1623604098903,18.0
,"(0, 2)",499.72637509777263,20.0
,"(0, 3)",564.2239345326012,1.0
,"(0, 4)",469.53846871194776,0
,"(1, 0)",545.432933845784,23.0
,"(1, 1)",480.14549301571213,5.0
,"(1, 2)",514.8685336308055,23.999998547012883
,"(1, 3)",457.45224268121603,1.9999999999999982
,"(1, 4)",468.3626778780116,4.0
,"(2, 0)",558.0527301821246,25.0
,"(2, 1)",464.1487127530265,18.0
,"(2, 2)",488.86072360177843,7.0
,"(2, 3)",494.881759594112,28.0
,"(2, 4)",540.0684989092479,29.0
,"(3, 0)",563.221994981498,5.99999999989755
,"(3, 1)",556.7947466705509,19.999999999777927
,"(3, 2)",534.9339307976181,25.999999999974374
,"(3, 3)",523.8735671455142,0.9999999999995465
,"(3, 4)",449.6408629940942,17.0
,"(4, 0)",484.5515976144265,18.999999999992465
,"(4, 1)",530.8727333728727,18.0
,"(4, 2)",401.79824439675014,13.0
,"(4, 3)",500.564415740328,24.0
,"(4, 4)",438.3115472190474,3.0
,"(0, 0)",541.2238453047072,6.999999999999979
,"(0, 1)",430.5891093885809,13.999999999857918
,"(0, 2)",453.89597080421555,19.0
,"(0, 3)",488.31022002773193,24.0
,"(0, 4)",471.2942604399352,4.999999999999999
,"(1, 0)",486.4505233604599,21.0
,"(1, 1)",453.33486470393683,7.0
,"(1, 2)",518.7577680149552,22.0
,"(1, 3)",454.9570738613756,28.999999999999964
,"(1, 4)",460.122535700141,29.0
,"(2, 0)",453.9620861968538,18.999999999999716
,"(2, 1)",524.8272639119731,25.99999999999999
,"(2, 2)",533.2136710782635,26.999999999998103
,"(2, 3)",524.4121219574583,17.99999999999988
,"(2, 4)",558.2273680355258,9.0
,"(3, 0)",536.8249322233179,6.0
,"(3, 1)",522.6244008919588,18.99999999999973
,"(3, 2)",557.6103497931687,15.999999999999996
,"(3, 3)",510.6074770608315,25.0
,"(3, 4)",509.5254140489702,2.0
,"(4, 0)",477.43711448527506,23.999999999995385
,"(4, 1)",507.1411787044601,25.0
,"(4, 2)",534.5412500721169,14.99999999999955
,"(4, 3)",468.5255338998418,5.0
,"(4, 4)",521.5836660339443,25.0
,"(0, 0)",483.32960476193836,28.999999999999968
,"(0, 1)",410.5270287735599,1.0
,"(0, 2)",540.1091167616108,21.0
,"(0, 3)",482.8381342060509,16.99999999999311
,"(0, 4)",532.979382839142,7.0
,"(1, 0)",480.2599776147109,6.999999999999425
,"(1, 1)",523.1520942804569,28.999999999028315
,"(1, 2)",492.56949813351116,0
,"(1, 3)",572.1027168147447,2.999999999999999
,"(1, 4)",464.357751234083,30.0
,"(2, 0)",475.9962293066901,14.0
,"(2, 1)",576.3833104915946,0
,"(2, 2)",553.1727537972454,17.0
,"(2, 3)",497.2175289661471,28.999999999999876
,"(2, 4)",493.3270009452807,23.0
,"(3, 0)",473.56364431039674,26.99999999999885
,"(3, 1)",544.7293012086421,17.999999999983526
,"(3, 2)",486.33899410797636,25.999999999999538
,"(3, 3)",518.4423181488772,2.0
,"(3, 4)",473.83369240109744,15.0
,"(4, 0)",558.7374095537759,23.999999999842093
,"(4, 1)",410.75590601683047,8.0
,"(4, 2)",516.9417688664341,28.0
,"(4, 3)",452.4029245829536,0
,"(4, 4)",485.9319118762498,5.999999999999997
,"(0, 0)",437.1849750476644,0
,"(0, 1)",541.4926220910222,9.0
,"(0, 2)",453.2688309132695,5.0
,"(0, 3)",519.8859150041785,22.0
,"(0, 4)",548.2641500913728,0
,"(1, 0)",560.9952013643809,28.0
,"(1, 1)",495.33330595190284,2.9999999999990297
,"(1, 2)",439.7859582152338,0
,"(1, 3)",498.5169066442275,12.999999996936175
,"(1, 4)",516.4313521635946,13.0
,"(2, 0)",522.7957914529856,29.999999999855245
,"(2, 1)",550.4315413451743,2.9999999999922977
,"(2, 2)",519.1295708117104,12.0
,"(2, 3)",533.5390229595442,5.999999999999838
,"(2, 4)",447.5063101784664,17.999999999996604
,"(3, 0)",522.1933409145067,16.0
,"(3, 1)",495.9579540256676,23.0
,"(3, 2)",473.58773619727435,13.0
,"(3, 3)",466.0742799893712,26.999999999998977
,"(3, 4)",462.65709789615534,10.0
,"(4, 0)",485.50287033112255,20.0
,"(4, 1)",585.0639803877046,7.0
,"(4, 2)",521.0188841799248,29.99999999768201
,"(4, 3)",423.3661259386917,25.0
,"(4, 4)",480.0162759048529,6.0
,"(0, 0)",531.2572501052142,24.99999999999983
,"(0, 1)",530.5091983230461,27.0
,"(0, 2)",555.3135435729828,7.0
,"(0, 3)",614.7215677638616,15.999999999999996
,"(0, 4)",511.0208953093027,26.999999999969557
,"(1, 0)",512.9861221618564,5.999999999999992
,"(1, 1)",498.0996460538853,28.0
,"(1, 2)",489.1767885709975,0
,"(1, 3)",452.5843952277847,9.0
,"(1, 4)",449.89363105770417,10.999999999999952
,"(2, 0)",579.4291332185295,29.99999999999897
,"(2, 1)",472.20995100612976,10.999999999999984
,"(2, 2)",522.9144774804631,10.999999999999991
,"(2, 3)",475.5654995691058,8.999999999999803
,"(2, 4)",511.68814913247337,1.0
,"(3, 0)",501.4261719817554,12.0
,"(3, 1)",476.3528832256886,10.0
,"(3, 2)",462.9883649316818,27.99999999999814
,"(3, 3)",410.8582988305828,9.0
,"(3, 4)",502.9019401965731,26.0
,"(4, 0)",439.76837350406464,1.9999999999999984
,"(4, 1)",485.31112637344955,2.0
,"(4, 2)",496.19102283182326,14.0
,"(4, 3)",548.4393976954312,29.0
,"(4, 4)",468.3921718756125,1.0
,"(0, 0)",493.7676650114294,13.0
,"(0, 1)",442.3909077294658,8.0
,"(0, 2)",553.5422193673036,15.0
,"(0, 3)",422.55671155929997,27.0
,"(0, 4)",496.8334961429386,15.0
,"(1, 0)",506.8084578523852,9.999999999999995
,"(1, 1)",536.3360375703724,5.0
,"(1, 2)",472.2491020977883,14.0
,"(1, 3)",450.799079365206,9.999999999999975
,"(1, 4)",489.72104606041546,21.99999999999939
,"(2, 0)",565.8613151238864,21.999999997710727
,"(2, 1)",529.556494566237,14.0
,"(2, 2)",456.94867202742455,17.99999999999997
,"(2, 3)",572.1087570285008,9.0
,"(2, 4)",556.0351997604048,6.999999999999907
,"(3, 0)",474.80408928287056,21.0
,"(3, 1)",503.20644912600676,21.0
,"(3, 2)",494.25503441955584,28.999999999996874
,"(3, 3)",492.04646598757165,0
,"(3, 4)",533.8852509985902,22.0
,"(4, 0)",447.82305214997587,7.0
,"(4, 1)",537.2445134334971,19.0
,"(4, 2)",485.341909196145,7.0
,"(4, 3)",449.03899849914757,0
,"(4, 4)",536.8390756435815,27.999999999999467
,"(0, 0)",522.9539726180484,25.0
,"(0, 1)",526.9276794515481,22.99999999988964
,"(0, 2)",515.0159534766774,14.0
,"(0, 3)",527.6975130453769,3.9999999999999996
,"(0, 4)",496.8003631325819,4.0
,"(1, 0)",455.35648695922697,6.999999999999996
,"(1, 1)",497.76239225429805,4.0
,"(1, 2)",433.70109482717044,13.0
,"(1, 3)",579.5679691490544,22.999999999999993
,"(1, 4)",460.8126208818015,0
,"(2, 0)",533.2012418501374,23.0
,"(2, 1)",497.02840777216113,5.999999999999999
,"(2, 2)",415.4150343704035,7.999999999999601
,"(2, 3)",443.43450052884793,0
,"(2, 4)",489.7729059665909,0.9999999999999049
,"(3, 0)",548.3212696968338,11.0
,"(3, 1)",469.8465841289961,16.0
,"(3, 2)",468.83943637403365,28.0
,"(3, 3)",534.4232672746332,28.99999999978259
,"(3, 4)",550.6998003333862,27.0
,"(4, 0)",514.797579214806,1.9999999999915479
,"(4, 1)",540.5775387269575,13.0
,"(4, 2)",516.7298243403309,22.99999999999982
,"(4, 3)",472.32365519601905,0
,"(4, 4)",487.9929084300782,3.0
,"(0, 0)",465.1220022962896,20.0
,"(0, 1)",506.326647547762,0
,"(0, 2)",537.292950493561,0
,"(0, 3)",445.35472264872317,14.0
,"(0, 4)",531.3073817446448,14.0
,"(1, 0)",489.0915694335981,24.99999999999893
,"(1, 1)",510.63009328159984,26.0
,"(1, 2)",465.1645809175385,12.0
,"(1, 3)",454.2531543778737,2.0
,"(1, 4)",470.3354725726887,21.999999999999364
,"(2, 0)",512.3556797439411,20.0
,"(2, 1)",510.1771679008272,13.99999999999978
,"(2, 2)",526.2302632075493,28.0
,"(2, 3)",510.7128372254257,8.0
,"(2, 4)",419.0282548630592,15.0
,"(3, 0)",569.244094765984,19.999999999999947
,"(3, 1)",498.3501395617299,22.999999999999996
,"(3, 2)",538.6985739549167,7.999999999999271
,"(3, 3)",458.1681973918644,28.0
,"(3, 4)",542.968689827609,14.999999999999982
,"(4, 0)",521.9283921874458,2.0
,"(4, 1)",524.1773043309739,3.0
,"(4, 2)",496.6223990915912,7.0
,"(4, 3)",482.5549197218027,15.0
,"(4, 4)",513.9045109110011,19.0
,"(0, 0)",465.9927563503456,12.99999999999926
,"(0, 1)",467.1150732264921,5.0
,"(0, 2)",548.5598391684082,2.0
,"(0, 3)",557.4941111773578,15.0
,"(0, 4)",514.0579452875381,17.0
,"(1, 0)",516.669520791158,28.999999999999996
,"(1, 1)",426.4294874852271,5.0
,"(1, 2)",582.9768678874642,6.999999999999993
,"(1, 3)",459.6628034873175,19.0
,"(1, 4)",493.46789476137633,16.99999999959297
,"(2, 0)",480.8064631830794,2.0
,"(2, 1)",558.8566933553407,28.0
,"(2, 2)",572.1907103447247,9.999999999996234
,"(2, 3)",511.95385418773935,10.0
,"(2, 4)",418.90433732411907,2.999999999999879
,"(3, 0)",410.40166231709935,9.999999999999913
,"(3, 1)",458.8556147367535,20.0
,"(3, 2)",522.9620939607161,0
,"(3, 3)",489.4750802772361,8.999999999999543
,"(3, 4)",529.3198307577438,0
,"(4, 0)",510.1639556313938,0
,"(4, 1)",411.9289137067373,8.0
,"(4, 2)",547.7350938655675,11.0
,"(4, 3)",508.6432882915579,29.0
,"(4, 4)",535.3761084375054,4.0
,"(0, 0)",485.09912131963057,10.99999999999981
,"(0, 1)",542.2620320646062,28.999999999999993
,"(0, 2)",491.99485225171026,0.9999999999622617
,"(0, 3)",458.95808109971,27.0
,"(0, 4)",503.65619039193933,7.0
,"(1, 0)",549.5317666755066,21.99999999999999
,"(1, 1)",523.8554163653298,6.9999999999999005
,"(1, 2)",449.62117751293147,14.0
,"(1, 3)",449.71413622325133,3.0
,"(1, 4)",514.3613844553831,26.999999999990756
,"(2, 0)",507.0172783420192,15.0
,"(2, 1)",502.30952912001135,3.9999999999999996
,"(2, 2)",534.1532205351707,24.999999999999996
,"(2, 3)",479.7723539072814,16.0
,"(2, 4)",426.70547329816037,28.999999999999574
,"(3, 0)",571.7365536365115,17.0
,"(3, 1)",560.7472063248536,30.0
,"(3, 2)",476.37710660232483,5.99999999999996
,"(3, 3)",495.98314085208784,8.999999999999998
,"(3, 4)",480.1147250463497,24.0
,"(4, 0)",509.3045269230025,17.99999999972607
,"(4, 1)",472.2686833575515,16.999999999974477
,"(4, 2)",505.58863051930643,11.0
,"(4, 3)",478.9097739978077,21.0
,"(4, 4)",529.9576391775624,14.0
,"(0, 0)",505.6863627826398,10.0
,"(0, 1)",467.8376394843824,20.9999999999999
,"(0, 2)",504.75721959421804,4.999999999999995
,"(0, 3)",492.55456569114546,4.999999999999999
,"(0, 4)",630.1896668996512,20.0
,"(1, 0)",524.2418502245959,29.0
,"(1, 1)",541.0986147849021,2.0
,"(1, 2)",478.3532830941542,7.999999999966854
,"(1, 3)",423.43912257764197,0
,"(1, 4)",451.0353562110037,26.0
,"(2, 0)",514.5542487034625,29.999999999999307
,"(2, 1)",466.1669368240604,21.999999999999996
,"(2, 2)",559.8585088056323,20.0
,"(2, 3)",478.0751440939368,21.99999999998841
,"(2, 4)",417.35069077694976,2.999999999997446
,"(3, 0)",581.8105248622825,22.0
,"(3, 1)",549.8350543561268,5.0
,"(3, 2)",499.7711225632587,7.0
,"(3, 3)",474.5948232035845,24.0
,"(3, 4)",469.55701390436894,2.0
,"(4, 0)",492.11561205334004,0
,"(4, 1)",484.8303224959475,17.999999999999996
,"(4, 2)",454.9642238083395,4.0
,"(4, 3)",493.8945758708158,26.0
,"(4, 4)",543.4275163335594,10.999999999999947
,"(0, 0)",541.0660689125581,21.0
,"(0, 1)",458.0994973224993,9.999999999999664
,"(0, 2)",589.5017165276731,21.0
,"(0, 3)",443.1165460730176,25.0
,"(0, 4)",554.8352014439645,18.0
,"(1, 0)",552.6143975663485,13.999999999999998
,"(1, 1)",577.256746760615,18.999999999978424
,"(1, 2)",515.100624968779,25.99999999999853
,"(1, 3)",492.66438679212007,19.0
,"(1, 4)",489.55897894923885,14.999999999999924
,"(2, 0)",493.0217929741796,5.0
,"(2, 1)",485.3987228646903,9.0
,"(2, 2)",486.7322349910827,24.999999999999957
,"(2, 3)",507.3948273530545,20.0
,"(2, 4)",531.424099903754,13.999999999999888
,"(3, 0)",372.6502975723484,19.99999988571824
,"(3, 1)",531.0981430873601,17.0
,"(3, 2)",474.1228906375667,22.0
,"(3, 3)",495.73124209138143,17.0
,"(3, 4)",490.0187280461377,5.0
,"(4, 0)",534.9470567057649,11.0
,"(4, 1)",502.8166297205713,5.999999999667971
,"(4, 2)",474.2983246251429,29.0
,"(4, 3)",433.0661176986445,9.0
,"(4, 4)",473.4647264115063,5.999999999999761
,"(0, 0)",522.4322042403578,0
,"(0, 1)",475.71040911931135,19.0
,"(0, 2)",464.153236413553,27.0
,"(0, 3)",537.699544913553,5.999999999999991
,"(0, 4)",502.4396831322533,3.0
,"(1, 0)",512.100305413384,28.99999999991995
,"(1, 1)",479.5212680741782,29.99999999999996
,"(1, 2)",536.7784854026281,22.0
,"(1, 3)",564.7581709510614,6.0
,"(1, 4)",532.3527714381283,18.0
,"(2, 0)",552.3651999644079,24.0
,"(2, 1)",511.9062046591185,0
,"(2, 2)",519.4686711253298,12.0
,"(2, 3)",509.2337823493564,19.0
,"(2, 4)",500.1946470564284,18.99999999974937
,"(3, 0)",426.05070031856985,28.999999999999883
,"(3, 1)",489.68905533635234,5.999999999999997
,"(3, 2)",498.34785003330757,29.0
,"(3, 3)",457.3669517643103,13.999999999999927
,"(3, 4)",472.9870472545431,19.0
,"(4, 0)",554.506330397326,12.99999999998717
,"(4, 1)",496.50152444277103,0.999999999999977
,"(4, 2)",408.69140528984104,8.0
,"(4, 3)",495.1523320602034,16.0
,"(4, 4)",479.5922188497255,25.0
,"(0, 0)",520.7692504698316,27.999999999994024
,"(0, 1)",445.2496812103801,25.0
,"(0, 2)",509.4926770857074,25.999999999993666
,"(0, 3)",453.8734876434094,16.0
,"(0, 4)",504.1500171043845,23.99999999999984
,"(1, 0)",463.4706439563925,15.0
,"(1, 1)",518.7484998189723,15.999999999830099
,"(1, 2)",400.3581066026247,20.0
,"(1, 3)",485.29131723291425,29.0
,"(1, 4)",525.2922673628511,8.0
,"(2, 0)",530.6134536389051,19.0
,"(2, 1)",531.4181429091485,12.999999999984208
,"(2, 2)",471.1797639850382,2.999999999998783
,"(2, 3)",511.46434727945564,14.0
,"(2, 4)",429.23874909010317,24.0
,"(3, 0)",467.7846611930333,20.0
,"(3, 1)",493.42621159172813,0
,"(3, 2)",515.9048566357247,0
,"(3, 3)",480.5272997171744,8.999999999999998
,"(3, 4)",567.9460153478565,30.0
,"(4, 0)",565.1149080524575,29.999999999999986
,"(4, 1)",472.06365777460553,17.0
,"(4, 2)",506.6398210553119,10.0
,"(4, 3)",544.9887379900905,22.0
,"(4, 4)",584.9934252518996,3.9999999999973026
,"(0, 0)",547.1255420371402,17.999999999999996
,"(0, 1)",457.22727876670274,14.999999999994342
,"(0, 2)",466.56139290282925,16.999999999999993
,"(0, 3)",423.1505448705068,18.0
,"(0, 4)",494.8551622668871,0
,"(1, 0)",453.88837853033954,23.0
,"(1, 1)",531.0560766575923,23.999999999999996
,"(1, 2)",450.9379448254519,27.0
,"(1, 3)",538.1501456260687,21.0
,"(1, 4)",531.5739281764478,22.999999999999993
,"(2, 0)",508.98588221646924,25.999999999999655
,"(2, 1)",500.2354815663556,29.0
,"(2, 2)",498.36742509814866,27.0
,"(2, 3)",491.54931989712907,18.999999988113558
,"(2, 4)",504.54824854090094,14.0
,"(3, 0)",474.5650431553459,23.0
,"(3, 1)",486.14100124178276,20.999999999999943
,"(3, 2)",479.07262201754304,6.999999999997202
,"(3, 3)",505.3174899613276,6.999999999999978
,"(3, 4)",569.778122497783,23.0
,"(4, 0)",521.6326907548371,28.0
,"(4, 1)",516.5951933471265,0
,"(4, 2)",500.3687070124868,4.0
,"(4, 3)",537.183424242344,28.0
,"(4, 4)",511.13295379045303,0.9999999999999941
,"(0, 0)",511.17393166101226,4.999999999999999
,"(0, 1)",472.0216743030587,0
,"(0, 2)",512.604593782596,7.0
,"(0, 3)",524.789343121584,21.99999999999448
,"(0, 4)",522.2790942503915,23.0
,"(1, 0)",585.2992060204099,22.0
,"(1, 1)",526.7541855572069,29.0
,"(1, 2)",485.9859722580142,24.0
,"(1, 3)",465.1498024592335,10.999999999999975
,"(1, 4)",457.5298526322912,6.999999999999999
,"(2, 0)",553.6000791274287,0
,"(2, 1)",557.5896248618328,0
,"(2, 2)",473.3217116763665,9.0
,"(2, 3)",464.2461763353921,0
,"(2, 4)",582.4574451936526,26.0
,"(3, 0)",509.9831350600113,9.0
,"(3, 1)",491.5176212121858,7.0
,"(3, 2)",482.92473152431097,15.0
,"(3, 3)",418.4211136053531,22.0
,"(3, 4)",526.4094875651014,11.9999999999711
,"(4, 0)",477.7139360376287,5.0
,"(4, 1)",488.250276972346,20.0
,"(4, 2)",491.1531608456532,13.999999999965368
,"(4, 3)",497.2372611060709,15.999999999999947
,"(4, 4)",421.5865828308684,4.0
,"(0, 0)",528.0234754960392,3.999999999999995
,"(0, 1)",551.9826350624596,5.0
,"(0, 2)",494.4055068358145,0
,"(0, 3)",481.3404938273432,16.999999999995417
,"(0, 4)",525.1129492052879,4.0
,"(1, 0)",454.30557300529875,0
,"(1, 1)",549.0370713105385,0
,"(1, 2)",433.55167252458534,4.0
,"(1, 3)",480.2348853961647,0
,"(1, 4)",452.88839257366595,11.0
,"(2, 0)",566.9995606559062,16.999999999984272
,"(2, 1)",503.6796425604056,18.0
,"(2, 2)",497.0070078252119,11.999999999999975
,"(2, 3)",479.4950099606471,9.0
,"(2, 4)",462.6543091432895,18.0
,"(3, 0)",475.9683630380928,6.999999999999983
,"(3, 1)",543.7308933429796,2.0
,"(3, 2)",562.4187560243333,30.0
,"(3, 3)",519.7410789659031,20.0
,"(3, 4)",418.6845312229378,6.0
,"(4, 0)",520.2906398983823,28.0
,"(4, 1)",607.6096901836759,20.999999999486622
,"(4, 2)",493.6168261682226,5.0
,"(4, 3)",455.6708284829355,16.0
,"(4, 4)",441.55020728987915,23.99999999999982
,"(0, 0)",550.464094236224,0.9999999999992084
,"(0, 1)",489.5475836180531,18.0
,"(0, 2)",450.22256615923067,21.0
,"(0, 3)",498.5834257117743,23.0
,"(0, 4)",442.67333120953094,24.999999999999996
,"(1, 0)",547.6518848193183,25.0
,"(1, 1)",459.235929606151,8.0
,"(1, 2)",517.7940892891967,19.999999999999943
,"(1, 3)",449.01274094286237,8.0
,"(1, 4)",479.77408767194413,24.0
,"(2, 0)",567.914375462482,9.0
,"(2, 1)",565.6991872917949,10.999999999999998
,"(2, 2)",470.9416680114831,0
,"(2, 3)",595.6116712772105,16.999999999999993
,"(2, 4)",547.7317178542871,14.0
,"(3, 0)",478.52280423454226,3.0
,"(3, 1)",488.05371418575413,20.0
,"(3, 2)",571.9653342446369,30.0
,"(3, 3)",492.76222748078874,18.999999999999837
,"(3, 4)",551.9082684793985,0
,"(4, 0)",495.4713142089265,28.0
,"(4, 1)",410.71632714536133,18.999999999999996
,"(4, 2)",428.56818596537454,29.999999999999993
,"(4, 3)",491.8830252795711,15.0
,"(4, 4)",457.290445614103,30.0
,"(0, 0)",447.8577358481571,24.0
,"(0, 1)",541.0931941850431,19.999999999911452
,"(0, 2)",508.4343828649457,14.999999999999998
,"(0, 3)",523.28538502071,14.0
,"(0, 4)",452.4957606160654,3.0
,"(1, 0)",482.5315641891102,25.0
,"(1, 1)",568.5636931261523,0
,"(1, 2)",506.1426891028974,0
,"(1, 3)",440.45209160229484,30.0
,"(1, 4)",477.93184798808187,12.999999999996911
,"(2, 0)",499.29538082902,4.0
,"(2, 1)",551.6139976729693,7.0
,"(2, 2)",491.23923436306455,12.0
,"(2, 3)",597.7070943428282,27.0
,"(2, 4)",493.4414972171556,25.0
,"(3, 0)",503.69342360695134,29.999999999999986
,"(3, 1)",477.10136967498437,20.999999999965734
,"(3, 2)",557.4030719833522,20.0
,"(3, 3)",528.7567203559053,12.0
,"(3, 4)",468.6913567019777,6.0
,"(4, 0)",460.7333454216933,22.999999999999794
,"(4, 1)",501.10739360965334,4.0
,"(4, 2)",464.9057662886623,11.0
,"(4, 3)",476.6231692930196,21.0
,"(4, 4)",478.89883409530563,22.999999999999996
,"(0, 0)",503.88402501054554,17.0
,"(0, 1)",508.6876721750449,29.999999999999996
,"(0, 2)",441.54238530610286,25.0
,"(0, 3)",492.6659148457773,10.0
,"(0, 4)",515.2835482843541,18.0
,"(1, 0)",597.4744519815756,5.0
,"(1, 1)",511.4047723899628,17.999999999711896
,"(1, 2)",463.42547720543735,17.0
,"(1, 3)",494.7069376171448,29.0
,"(1, 4)",512.5511814266756,28.0
,"(2, 0)",504.805073779261,11.0
,"(2, 1)",502.70479456219067,0
,"(2, 2)",558.6098656777291,17.0
,"(2, 3)",530.5630552280669,8.999999999989669
,"(2, 4)",462.15423005643567,13.99999999599073
,"(3, 0)",515.9998450670209,21.0
,"(3, 1)",419.1661460372117,5.999999999999993
,"(3, 2)",420.4680747593216,9.0
,"(3, 3)",465.285835229164,1.0
,"(3, 4)",502.18076681312715,0
,"(4, 0)",470.94260199379283,28.999999999999705
,"(4, 1)",456.5131689722255,2.0
,"(4, 2)",562.8866858204768,5.0
,"(4, 3)",524.7534011418594,16.0
,"(4, 4)",561.3400886194961,29.0
,"(0, 0)",451.7554583171279,22.0
,"(0, 1)",501.41069129923284,10.999999999999966
,"(0, 2)",489.50960851519295,10.0
,"(0, 3)",500.77977787064503,30.0
,"(0, 4)",474.031982365006,17.0
,"(1, 0)",478.3043675605817,28.999999999999996
,"(1, 1)",501.71376956449325,0
,"(1, 2)",466.05252584985715,20.0
,"(1, 3)",483.3165608503037,23.999999999999076
,"(1, 4)",542.1494082083241,6.0
,"(2, 0)",526.4435328157207,22.999999999999204
,"(2, 1)",456.38217321279376,4.0
,"(2, 2)",518.9847438268284,14.999999999999991
,"(2, 3)",570.4102807829379,18.999999999999968
,"(2, 4)",568.8918066586733,21.99999999999998
,"(3, 0)",499.3205542445564,30.0
,"(3, 1)",525.1166207081579,14.0
,"(3, 2)",486.151480076964,10.999999999999703
,"(3, 3)",448.3264372820045,14.999999999999991
,"(3, 4)",465.67166129576583,22.0
,"(4, 0)",508.10746204607494,10.999999999999998
,"(4, 1)",521.8082724616529,1.0
,"(4, 2)",507.23450739024037,21.0
,"(4, 3)",519.9678197809462,26.999999999999936
,"(4, 4)",488.15849701591856,3.999999999813437
,"(0, 0)",440.083424140149,3.0
,"(0, 1)",452.4782774101871,17.0
,"(0, 2)",490.1049508411304,12.99999999999993
,"(0, 3)",479.7202941912662,26.0
,"(0, 4)",524.3830132945305,19.0
,"(1, 0)",519.3964407661862,14.999999999999996
,"(1, 1)",522.0348096753735,0
,"(1, 2)",472.0680019995913,28.0
,"(1, 3)",490.3449925928769,29.99999999999993
,"(1, 4)",458.36024262684145,10.0
,"(2, 0)",482.94136339194097,16.999999999999332
,"(2, 1)",565.982220806946,6.9999999999999885
,"(2, 2)",508.81866280943154,7.0
,"(2, 3)",486.5208530071241,5.999999999941571
,"(2, 4)",509.4167255591335,22.0
,"(3, 0)",432.38631048498115,29.999999999999382
,"(3, 1)",554.1505640461594,15.0
,"(3, 2)",494.5715175605885,16.999999999999996
,"(3, 3)",578.5608511152592,8.0
,"(3, 4)",572.2901781380976,11.0
,"(4, 0)",494.2792627809336,29.999999999999172
,"(4, 1)",551.4870919782927,15.99999999999912
,"(4, 2)",498.4473686476497,28.0
,"(4, 3)",458.2106546463142,0
,"(4, 4)",462.961927489015,26.999999999998995
,"(0, 0)",483.59213271202367,7.0
,"(0, 1)",421.9552322053162,0
,"(0, 2)",476.864956366318,25.999999999999915
,"(0, 3)",573.5777593105398,29.0
,"(0, 4)",554.6217547235708,11.999999999999966
,"(1, 0)",567.872055202654,12.0
,"(1, 1)",487.905715983118,28.0
,"(1, 2)",551.2672243735606,8.0
,"(1, 3)",528.6154693743839,21.0
,"(1, 4)",428.4059274941233,25.99999999999998
,"(2, 0)",508.7006404765588,15.99999999999989
,"(2, 1)",500.75563250175594,15.999999999999993
,"(2, 2)",496.2148120722728,2.0
,"(2, 3)",505.74687887204317,9.0
,"(2, 4)",487.3847816172711,8.0
,"(3, 0)",505.7020579152796,26.0
,"(3, 1)",424.4456064232175,17.0
,"(3, 2)",514.0118873460947,1.0
,"(3, 3)",493.87401545696184,7.999999999999984
,"(3, 4)",506.8554098138521,15.0
,"(4, 0)",507.6908390324644,20.0
,"(4, 1)",505.6853668497272,5.0
,"(4, 2)",480.91344473043307,1.0
,"(4, 3)",496.97427820559454,2.999999999999993
,"(4, 4)",490.36612094086496,16.999999999996263
,"(0, 0)",469.2468573954551,26.0
,"(0, 1)",566.3260404758088,18.0
,"(0, 2)",454.1901397775555,5.0
,"(0, 3)",501.0364343254388,21.0
,"(0, 4)",494.54873486549997,7.0
,"(1, 0)",482.01480235506614,4.0
,"(1, 1)",484.92332311655343,1.0
,"(1, 2)",566.2733931086598,3.0
,"(1, 3)",493.2212379694688,24.0
,"(1, 4)",510.9028061460038,9.999999999999996
,"(2, 0)",428.84258318230326,6.999999969995196
,"(2, 1)",492.3356383779635,24.99999999999987
,"(2, 2)",542.8575334374784,29.0
,"(2, 3)",534.6730096935785,3.9999999999999996
,"(2, 4)",532.310278504509,25.99999999999788
,"(3, 0)",555.294215900842,15.0
,"(3, 1)",453.16133332306856,9.0
,"(3, 2)",504.1634616863818,18.999999999999996
,"(3, 3)",466.385120769435,26.0
,"(3, 4)",520.1845483202574,27.999999999995953
,"(4, 0)",514.0021993288477,0
,"(4, 1)",418.5554144773136,23.0
,"(4, 2)",452.4532090742359,9.0
,"(4, 3)",534.4001351054533,20.99999999999727
,"(4, 4)",527.6975492828223,23.0
,"(0, 0)",502.3798157419783,25.0
,"(0, 1)",466.92803656165995,30.0
,"(0, 2)",425.8991205738868,8.999999998807196
,"(0, 3)",472.2139808960676,7.999999999999998
,"(0, 4)",510.70056061848044,8.0
,"(1, 0)",451.66292335895986,13.999999999999428
,"(1, 1)",518.7369278344743,14.0
,"(1, 2)",538.7229472124487,28.99999999989889
,"(1, 3)",490.5419498049894,18.0
,"(1, 4)",506.5936040552179,21.999999999999993
,"(2, 0)",534.1396910339354,0.9999999999999664
,"(2, 1)",431.8355367596595,5.0
,"(2, 2)",505.0608585535424,29.0
,"(2, 3)",504.1268238087468,3.0
,"(2, 4)",505.99294742222196,23.999999999999925
,"(3, 0)",473.8437789233683,30.0
,"(3, 1)",546.3868657837684,30.0
,"(3, 2)",510.5461127929765,0.9999999999999993
,"(3, 3)",489.7311134260422,21.0
,"(3, 4)",520.3148190595887,8.0
,"(4, 0)",518.2152302097388,27.999999999999552
,"(4, 1)",439.3627088811234,30.0
,"(4, 2)",570.355046956157,26.999999999722796
,"(4, 3)",478.14432096677785,16.0
,"(4, 4)",587.5642787641902,0
